<?xml version="1.0" encoding="UTF-8"?>
<PeakList>
  <PeakList1D>
    <PeakList1DHeader creator="nmr" date="2024-11-13T16:27:01.450-07:00" expNo="10" name="2024_11_13_CBD_DMSO_Bruker500" owner="" procNo="1" source="D:/AutomationData/data/nmr/nmr">
      <PeakPickDetails>F1=16.895189ppm, F2=-6.907194ppm, MI=0.10cm, MAXI=10000.00cm, PC=1.000
      </PeakPickDetails>
    </PeakList1DHeader>
    <Peak1D F1="8.637763" intensity="2.918245e-01" type="0"/>
    <Peak1D F1="6.011095" intensity="2.481957e+00" type="0"/>
    <Peak1D F1="5.080970" intensity="7.503901e-01" type="0"/>
    <Peak1D F1="4.489691" intensity="7.162162e-01" type="0"/>
    <Peak1D F1="4.485053" intensity="7.631812e-01" type="0"/>
    <Peak1D F1="4.405077" intensity="7.518061e-01" type="0"/>
    <Peak1D F1="4.402809" intensity="7.330627e-01" type="0"/>
    <Peak1D F1="3.833287" intensity="2.451341e-01" type="0"/>
    <Peak1D F1="3.830660" intensity="2.540242e-01" type="0"/>
    <Peak1D F1="3.821310" intensity="2.096782e-01" type="0"/>
    <Peak1D F1="3.816777" intensity="2.372040e-01" type="0"/>
    <Peak1D F1="3.812907" intensity="2.673055e-01" type="0"/>
    <Peak1D F1="3.809443" intensity="2.576005e-01" type="0"/>
    <Peak1D F1="3.350013" intensity="1.033664e-01" type="0"/>
    <Peak1D F1="3.348004" intensity="1.234035e-01" type="0"/>
    <Peak1D F1="3.345980" intensity="1.497321e-01" type="0"/>
    <Peak1D F1="3.343952" intensity="1.837876e-01" type="0"/>
    <Peak1D F1="3.341923" intensity="2.389642e-01" type="0"/>
    <Peak1D F1="3.339855" intensity="3.238694e-01" type="0"/>
    <Peak1D F1="3.337771" intensity="4.712058e-01" type="0"/>
    <Peak1D F1="3.329324" intensity="1.500000e+01" type="0"/>
    <Peak1D F1="3.321033" intensity="4.489685e-01" type="0"/>
    <Peak1D F1="3.318940" intensity="3.150541e-01" type="0"/>
    <Peak1D F1="3.316917" intensity="2.396092e-01" type="0"/>
    <Peak1D F1="3.314877" intensity="1.923693e-01" type="0"/>
    <Peak1D F1="3.312885" intensity="1.472783e-01" type="0"/>
    <Peak1D F1="3.310838" intensity="1.168786e-01" type="0"/>
    <Peak1D F1="3.048989" intensity="1.964384e-01" type="0"/>
    <Peak1D F1="3.043946" intensity="1.994778e-01" type="0"/>
    <Peak1D F1="3.024211" intensity="3.847857e-01" type="0"/>
    <Peak1D F1="3.003327" intensity="2.070795e-01" type="0"/>
    <Peak1D F1="2.998353" intensity="1.876227e-01" type="0"/>
    <Peak1D F1="2.504323" intensity="1.622429e+00" type="0"/>
    <Peak1D F1="2.500856" intensity="2.159281e+00" type="0"/>
    <Peak1D F1="2.497414" intensity="1.637861e+00" type="0"/>
    <Peak1D F1="2.312027" intensity="6.333166e-01" type="0"/>
    <Peak1D F1="2.296921" intensity="9.815233e-01" type="0"/>
    <Peak1D F1="2.281428" intensity="6.728793e-01" type="0"/>
    <Peak1D F1="2.113537" intensity="1.010343e-01" type="0"/>
    <Peak1D F1="2.095111" intensity="1.733794e-01" type="0"/>
    <Peak1D F1="2.081231" intensity="1.381197e-01" type="0"/>
    <Peak1D F1="2.069749" intensity="1.348725e-01" type="0"/>
    <Peak1D F1="1.928571" intensity="2.672814e-01" type="0"/>
    <Peak1D F1="1.902263" intensity="1.795039e-01" type="0"/>
    <Peak1D F1="1.894652" intensity="1.796899e-01" type="0"/>
    <Peak1D F1="1.694476" intensity="1.641568e-01" type="0"/>
    <Peak1D F1="1.687024" intensity="1.655547e-01" type="0"/>
    <Peak1D F1="1.674656" intensity="2.781477e-01" type="0"/>
    <Peak1D F1="1.668609" intensity="2.845318e-01" type="0"/>
    <Peak1D F1="1.642180" intensity="1.357273e-01" type="0"/>
    <Peak1D F1="1.631512" intensity="1.537590e-01" type="0"/>
    <Peak1D F1="1.617570" intensity="3.080986e-01" type="0"/>
    <Peak1D F1="1.594601" intensity="2.671703e+00" type="0"/>
    <Peak1D F1="1.580641" intensity="3.817523e+00" type="0"/>
    <Peak1D F1="1.558043" intensity="1.033276e-01" type="0"/>
    <Peak1D F1="1.497287" intensity="1.830227e-01" type="0"/>
    <Peak1D F1="1.481989" intensity="4.640298e-01" type="0"/>
    <Peak1D F1="1.467349" intensity="6.861646e-01" type="0"/>
    <Peak1D F1="1.452430" intensity="5.067375e-01" type="0"/>
    <Peak1D F1="1.437556" intensity="1.901087e-01" type="0"/>
    <Peak1D F1="1.315443" intensity="1.982916e-01" type="0"/>
    <Peak1D F1="1.311519" intensity="2.138375e-01" type="0"/>
    <Peak1D F1="1.298702" intensity="4.986826e-01" type="0"/>
    <Peak1D F1="1.284409" intensity="6.891697e-01" type="0"/>
    <Peak1D F1="1.269988" intensity="7.035533e-01" type="0"/>
    <Peak1D F1="1.257601" intensity="6.191547e-01" type="0"/>
    <Peak1D F1="1.255093" intensity="6.322232e-01" type="0"/>
    <Peak1D F1="1.240251" intensity="5.818796e-01" type="0"/>
    <Peak1D F1="1.230722" intensity="2.932309e-01" type="0"/>
    <Peak1D F1="1.224654" intensity="2.537595e-01" type="0"/>
    <Peak1D F1="0.871133" intensity="1.313034e+00" type="0"/>
    <Peak1D F1="0.857276" intensity="2.807503e+00" type="0"/>
    <Peak1D F1="0.842857" intensity="1.346047e+00" type="0"/>
    <Peak1D F1="-0.000181" intensity="6.801987e-01" type="0"/>
  </PeakList1D>
</PeakList>
