<?xml version="1.0" encoding="UTF-8"?>
<PeakList>
  <PeakList1D>
    <PeakList1DHeader creator="nmr" date="2025-04-14T16:43:18.697-07:00" expNo="10" name="2025_04_14_Proline_DMSO_TMS_25E_Bruker500" owner="" procNo="1" source="D:/AutomationData/data/nmr/nmr">
      <PeakPickDetails>F1=16.894911ppm, F2=-6.907472ppm, MI=0.10cm, MAXI=10000.00cm, PC=1.000
      </PeakPickDetails>
    </PeakList1DHeader>
    <Peak1D F1="3.622517" intensity="2.014920e-01" type="0"/>
    <Peak1D F1="3.611370" intensity="2.219881e-01" type="0"/>
    <Peak1D F1="3.605180" intensity="2.130216e-01" type="0"/>
    <Peak1D F1="3.594020" intensity="1.889618e-01" type="0"/>
    <Peak1D F1="3.347774" intensity="1.500000e+01" type="0"/>
    <Peak1D F1="3.233801" intensity="3.034522e-01" type="0"/>
    <Peak1D F1="3.222290" intensity="2.929175e-01" type="0"/>
    <Peak1D F1="3.219316" intensity="2.914294e-01" type="0"/>
    <Peak1D F1="3.211086" intensity="2.904640e-01" type="0"/>
    <Peak1D F1="3.199862" intensity="2.725400e-01" type="0"/>
    <Peak1D F1="3.196960" intensity="2.665295e-01" type="0"/>
    <Peak1D F1="3.185345" intensity="2.201228e-01" type="0"/>
    <Peak1D F1="3.017655" intensity="1.294350e-01" type="0"/>
    <Peak1D F1="3.002488" intensity="2.217387e-01" type="0"/>
    <Peak1D F1="2.995186" intensity="1.312117e-01" type="0"/>
    <Peak1D F1="2.987356" intensity="1.513611e-01" type="0"/>
    <Peak1D F1="2.980111" intensity="1.773996e-01" type="0"/>
    <Peak1D F1="2.964972" intensity="1.054475e-01" type="0"/>
    <Peak1D F1="2.505986" intensity="5.091068e+00" type="0"/>
    <Peak1D F1="2.502503" intensity="6.749892e+00" type="0"/>
    <Peak1D F1="2.499023" intensity="5.067082e+00" type="0"/>
    <Peak1D F1="2.014889" intensity="1.041702e-01" type="0"/>
    <Peak1D F1="2.006189" intensity="1.636141e-01" type="0"/>
    <Peak1D F1="1.989620" intensity="1.593784e-01" type="0"/>
    <Peak1D F1="1.946295" intensity="1.436124e-01" type="0"/>
    <Peak1D F1="1.932009" intensity="1.896221e-01" type="0"/>
    <Peak1D F1="1.920804" intensity="1.543435e-01" type="0"/>
    <Peak1D F1="1.907291" intensity="1.070862e-01" type="0"/>
    <Peak1D F1="1.787659" intensity="1.388873e-01" type="0"/>
    <Peak1D F1="1.776560" intensity="1.481063e-01" type="0"/>
    <Peak1D F1="1.773429" intensity="1.428059e-01" type="0"/>
    <Peak1D F1="1.762194" intensity="1.748650e-01" type="0"/>
    <Peak1D F1="1.704581" intensity="1.344051e-01" type="0"/>
    <Peak1D F1="1.689361" intensity="1.874233e-01" type="0"/>
    <Peak1D F1="1.679181" intensity="1.064895e-01" type="0"/>
    <Peak1D F1="1.674238" intensity="1.299877e-01" type="0"/>
    <Peak1D F1="1.664085" intensity="1.171071e-01" type="0"/>
  </PeakList1D>
</PeakList>
