<?xml version="1.0" encoding="UTF-8"?>
<PeakList>
  <PeakList1D>
    <PeakList1DHeader creator="nmr" date="2025-04-15T04:16:34.160-07:00" expNo="10" name="2025_04_14_CBN_Pro_Cocrystal_DSC26_DMSO_TMS_Bruker500" owner="" procNo="1" source="D:/AutomationData/data/nmr/nmr">
      <PeakPickDetails>F1=16.901190ppm, F2=-6.901193ppm, MI=0.10cm, MAXI=10000.00cm, PC=1.000
      </PeakPickDetails>
    </PeakList1DHeader>
    <Peak1D F1="8.285236" intensity="1.835264e+00" type="0"/>
    <Peak1D F1="7.179870" intensity="1.369637e+00" type="0"/>
    <Peak1D F1="7.164206" intensity="1.724544e+00" type="0"/>
    <Peak1D F1="7.046665" intensity="1.036145e+00" type="0"/>
    <Peak1D F1="7.032470" intensity="8.309874e-01" type="0"/>
    <Peak1D F1="6.423967" intensity="1.890393e+00" type="0"/>
    <Peak1D F1="6.421494" intensity="1.952414e+00" type="0"/>
    <Peak1D F1="6.234580" intensity="2.022525e+00" type="0"/>
    <Peak1D F1="6.232117" intensity="2.004551e+00" type="0"/>
    <Peak1D F1="4.296853" intensity="3.151326e-01" type="0"/>
    <Peak1D F1="4.280966" intensity="4.944721e-01" type="0"/>
    <Peak1D F1="4.264869" intensity="3.241713e-01" type="0"/>
    <Peak1D F1="4.133262" intensity="1.148380e-01" type="0"/>
    <Peak1D F1="3.986583" intensity="1.711372e-01" type="0"/>
    <Peak1D F1="3.678294" intensity="1.304690e+00" type="0"/>
    <Peak1D F1="3.666732" intensity="1.473901e+00" type="0"/>
    <Peak1D F1="3.661119" intensity="1.455745e+00" type="0"/>
    <Peak1D F1="3.649609" intensity="1.394354e+00" type="0"/>
    <Peak1D F1="3.514201" intensity="9.796913e-01" type="0"/>
    <Peak1D F1="3.501910" intensity="9.917659e-01" type="0"/>
    <Peak1D F1="3.484331" intensity="9.929121e-01" type="0"/>
    <Peak1D F1="3.397646" intensity="8.720049e-01" type="0"/>
    <Peak1D F1="3.373759" intensity="1.134283e+00" type="0"/>
    <Peak1D F1="3.370878" intensity="1.151649e+00" type="0"/>
    <Peak1D F1="3.360904" intensity="1.404218e+00" type="0"/>
    <Peak1D F1="3.344533" intensity="1.281093e+00" type="0"/>
    <Peak1D F1="3.306229" intensity="5.814733e-01" type="0"/>
    <Peak1D F1="3.235572" intensity="7.826022e-01" type="0"/>
    <Peak1D F1="3.223514" intensity="9.194659e-01" type="0"/>
    <Peak1D F1="3.221241" intensity="9.435342e-01" type="0"/>
    <Peak1D F1="3.212929" intensity="9.986047e-01" type="0"/>
    <Peak1D F1="3.209901" intensity="9.539537e-01" type="0"/>
    <Peak1D F1="3.201401" intensity="1.024438e+00" type="0"/>
    <Peak1D F1="3.199114" intensity="1.012772e+00" type="0"/>
    <Peak1D F1="3.187098" intensity="8.090597e-01" type="0"/>
    <Peak1D F1="3.176185" intensity="3.412749e-01" type="0"/>
    <Peak1D F1="3.046548" intensity="5.800837e-01" type="0"/>
    <Peak1D F1="3.031501" intensity="9.994500e-01" type="0"/>
    <Peak1D F1="3.024373" intensity="6.065479e-01" type="0"/>
    <Peak1D F1="3.016460" intensity="6.760309e-01" type="0"/>
    <Peak1D F1="3.009243" intensity="8.291194e-01" type="0"/>
    <Peak1D F1="2.994248" intensity="4.786048e-01" type="0"/>
    <Peak1D F1="2.957666" intensity="2.228472e-01" type="0"/>
    <Peak1D F1="2.944263" intensity="3.507369e-01" type="0"/>
    <Peak1D F1="2.931010" intensity="2.144581e-01" type="0"/>
    <Peak1D F1="2.512289" intensity="3.860322e+00" type="0"/>
    <Peak1D F1="2.508912" intensity="4.996723e+00" type="0"/>
    <Peak1D F1="2.505526" intensity="3.800258e+00" type="0"/>
    <Peak1D F1="2.447880" intensity="1.170107e+00" type="0"/>
    <Peak1D F1="2.432814" intensity="1.871557e+00" type="0"/>
    <Peak1D F1="2.417383" intensity="1.219409e+00" type="0"/>
    <Peak1D F1="2.308509" intensity="7.592624e+00" type="0"/>
    <Peak1D F1="2.159911" intensity="1.049478e-01" type="0"/>
    <Peak1D F1="2.152742" intensity="1.174023e-01" type="0"/>
    <Peak1D F1="2.146238" intensity="1.734782e-01" type="0"/>
    <Peak1D F1="2.138853" intensity="1.889800e-01" type="0"/>
    <Peak1D F1="2.135281" intensity="1.807688e-01" type="0"/>
    <Peak1D F1="2.132538" intensity="1.704525e-01" type="0"/>
    <Peak1D F1="2.128014" intensity="1.876882e-01" type="0"/>
    <Peak1D F1="2.125811" intensity="1.869110e-01" type="0"/>
    <Peak1D F1="2.121586" intensity="2.270186e-01" type="0"/>
    <Peak1D F1="2.114824" intensity="2.206149e-01" type="0"/>
    <Peak1D F1="2.107716" intensity="1.415001e-01" type="0"/>
    <Peak1D F1="2.101552" intensity="1.264629e-01" type="0"/>
    <Peak1D F1="2.067782" intensity="1.716595e-01" type="0"/>
    <Peak1D F1="2.052285" intensity="4.050199e-01" type="0"/>
    <Peak1D F1="2.042015" intensity="3.572819e-01" type="0"/>
    <Peak1D F1="2.035813" intensity="4.805079e-01" type="0"/>
    <Peak1D F1="2.026875" intensity="6.849405e-01" type="0"/>
    <Peak1D F1="2.010482" intensity="6.722640e-01" type="0"/>
    <Peak1D F1="1.994810" intensity="3.159814e-01" type="0"/>
    <Peak1D F1="1.979165" intensity="1.386542e-01" type="0"/>
    <Peak1D F1="1.965735" intensity="3.262885e-01" type="0"/>
    <Peak1D F1="1.955588" intensity="6.538804e-01" type="0"/>
    <Peak1D F1="1.941699" intensity="8.902640e-01" type="0"/>
    <Peak1D F1="1.930104" intensity="6.615989e-01" type="0"/>
    <Peak1D F1="1.918669" intensity="4.694555e-01" type="0"/>
    <Peak1D F1="1.916440" intensity="4.680550e-01" type="0"/>
    <Peak1D F1="1.903599" intensity="2.860301e-01" type="0"/>
    <Peak1D F1="1.894505" intensity="1.228221e-01" type="0"/>
    <Peak1D F1="1.879983" intensity="1.970192e-01" type="0"/>
    <Peak1D F1="1.866773" intensity="3.305634e-01" type="0"/>
    <Peak1D F1="1.856925" intensity="2.752645e-01" type="0"/>
    <Peak1D F1="1.853784" intensity="3.008416e-01" type="0"/>
    <Peak1D F1="1.850084" intensity="3.803588e-01" type="0"/>
    <Peak1D F1="1.845645" intensity="2.500800e-01" type="0"/>
    <Peak1D F1="1.836944" intensity="2.881413e-01" type="0"/>
    <Peak1D F1="1.833194" intensity="2.314662e-01" type="0"/>
    <Peak1D F1="1.828761" intensity="2.498475e-01" type="0"/>
    <Peak1D F1="1.825018" intensity="2.328737e-01" type="0"/>
    <Peak1D F1="1.820372" intensity="2.108497e-01" type="0"/>
    <Peak1D F1="1.812360" intensity="4.166808e-01" type="0"/>
    <Peak1D F1="1.798742" intensity="6.245196e-01" type="0"/>
    <Peak1D F1="1.786958" intensity="6.823545e-01" type="0"/>
    <Peak1D F1="1.784997" intensity="6.870309e-01" type="0"/>
    <Peak1D F1="1.773190" intensity="7.715862e-01" type="0"/>
    <Peak1D F1="1.761372" intensity="4.199594e-01" type="0"/>
    <Peak1D F1="1.759220" intensity="4.123968e-01" type="0"/>
    <Peak1D F1="1.746633" intensity="2.604982e-01" type="0"/>
    <Peak1D F1="1.737035" intensity="3.448089e-01" type="0"/>
    <Peak1D F1="1.732005" intensity="3.553576e-01" type="0"/>
    <Peak1D F1="1.721930" intensity="7.101976e-01" type="0"/>
    <Peak1D F1="1.706781" intensity="8.907257e-01" type="0"/>
    <Peak1D F1="1.696435" intensity="5.000351e-01" type="0"/>
    <Peak1D F1="1.691798" intensity="6.328678e-01" type="0"/>
    <Peak1D F1="1.681532" intensity="5.546663e-01" type="0"/>
    <Peak1D F1="1.666433" intensity="3.552718e-01" type="0"/>
    <Peak1D F1="1.651401" intensity="1.308772e-01" type="0"/>
    <Peak1D F1="1.619918" intensity="1.017410e-01" type="0"/>
    <Peak1D F1="1.574772" intensity="3.749144e-01" type="0"/>
    <Peak1D F1="1.559453" intensity="8.952117e-01" type="0"/>
    <Peak1D F1="1.544912" intensity="1.257276e+00" type="0"/>
    <Peak1D F1="1.530142" intensity="9.530160e-01" type="0"/>
    <Peak1D F1="1.515165" intensity="5.686691e-01" type="0"/>
    <Peak1D F1="1.494482" intensity="1.500000e+01" type="0"/>
    <Peak1D F1="1.352938" intensity="1.029025e-01" type="0"/>
    <Peak1D F1="1.348486" intensity="1.194361e-01" type="0"/>
    <Peak1D F1="1.338310" intensity="3.369118e-01" type="0"/>
    <Peak1D F1="1.333714" intensity="3.905456e-01" type="0"/>
    <Peak1D F1="1.320771" intensity="8.492307e-01" type="0"/>
    <Peak1D F1="1.307467" intensity="1.246754e+00" type="0"/>
    <Peak1D F1="1.295493" intensity="1.517417e+00" type="0"/>
    <Peak1D F1="1.290066" intensity="1.483718e+00" type="0"/>
    <Peak1D F1="1.271485" intensity="9.839211e-01" type="0"/>
    <Peak1D F1="1.262221" intensity="5.546553e-01" type="0"/>
    <Peak1D F1="1.256887" intensity="4.299884e-01" type="0"/>
    <Peak1D F1="1.245470" intensity="1.561582e-01" type="0"/>
    <Peak1D F1="1.240336" intensity="1.248597e-01" type="0"/>
    <Peak1D F1="0.899284" intensity="1.116545e-01" type="0"/>
    <Peak1D F1="0.884055" intensity="2.079437e+00" type="0"/>
    <Peak1D F1="0.870412" intensity="4.521315e+00" type="0"/>
    <Peak1D F1="0.856129" intensity="2.153636e+00" type="0"/>
  </PeakList1D>
</PeakList>
