<?xml version="1.0" encoding="UTF-8"?>
<PeakList>
  <PeakList1D>
    <PeakList1DHeader creator="nmr" date="2025-04-14T16:52:23.710-07:00" expNo="10" name="2025_04_14_CBD_Pro_Mechanochem_DSC16_DMSO_TMS_Bruker500" owner="" procNo="1" source="D:/AutomationData/data/nmr/nmr">
      <PeakPickDetails>F1=16.895180ppm, F2=-6.907203ppm, MI=0.10cm, MAXI=10000.00cm, PC=1.000
      </PeakPickDetails>
    </PeakList1DHeader>
    <Peak1D F1="8.683362" intensity="6.111261e-01" type="0"/>
    <Peak1D F1="6.014781" intensity="9.600802e+00" type="0"/>
    <Peak1D F1="5.079045" intensity="2.914599e+00" type="0"/>
    <Peak1D F1="4.489782" intensity="2.775538e+00" type="0"/>
    <Peak1D F1="4.485148" intensity="2.966901e+00" type="0"/>
    <Peak1D F1="4.404630" intensity="2.940109e+00" type="0"/>
    <Peak1D F1="4.402374" intensity="2.844077e+00" type="0"/>
    <Peak1D F1="4.295043" intensity="2.593619e-01" type="0"/>
    <Peak1D F1="4.279045" intensity="4.388983e-01" type="0"/>
    <Peak1D F1="4.263188" intensity="2.681283e-01" type="0"/>
    <Peak1D F1="3.829508" intensity="1.064456e+00" type="0"/>
    <Peak1D F1="3.811929" intensity="1.140372e+00" type="0"/>
    <Peak1D F1="3.808739" intensity="1.105739e+00" type="0"/>
    <Peak1D F1="3.764815" intensity="1.351217e-01" type="0"/>
    <Peak1D F1="3.704172" intensity="1.695251e-01" type="0"/>
    <Peak1D F1="3.639719" intensity="1.369183e+00" type="0"/>
    <Peak1D F1="3.628367" intensity="1.569073e+00" type="0"/>
    <Peak1D F1="3.622460" intensity="1.549979e+00" type="0"/>
    <Peak1D F1="3.611154" intensity="1.480273e+00" type="0"/>
    <Peak1D F1="3.356840" intensity="1.457868e+01" type="0"/>
    <Peak1D F1="3.231683" intensity="1.961611e+00" type="0"/>
    <Peak1D F1="3.220053" intensity="1.952101e+00" type="0"/>
    <Peak1D F1="3.217150" intensity="1.961607e+00" type="0"/>
    <Peak1D F1="3.208992" intensity="1.960433e+00" type="0"/>
    <Peak1D F1="3.206111" intensity="1.870759e+00" type="0"/>
    <Peak1D F1="3.197717" intensity="1.881096e+00" type="0"/>
    <Peak1D F1="3.194885" intensity="1.843517e+00" type="0"/>
    <Peak1D F1="3.183236" intensity="1.522267e+00" type="0"/>
    <Peak1D F1="3.169554" intensity="7.979468e-01" type="0"/>
    <Peak1D F1="3.049845" intensity="1.037048e+00" type="0"/>
    <Peak1D F1="3.045095" intensity="1.055390e+00" type="0"/>
    <Peak1D F1="3.025969" intensity="2.283783e+00" type="0"/>
    <Peak1D F1="3.011372" intensity="1.714339e+00" type="0"/>
    <Peak1D F1="3.004339" intensity="1.700027e+00" type="0"/>
    <Peak1D F1="2.997390" intensity="1.456781e+00" type="0"/>
    <Peak1D F1="2.989118" intensity="1.319028e+00" type="0"/>
    <Peak1D F1="2.974007" intensity="7.634403e-01" type="0"/>
    <Peak1D F1="2.966042" intensity="3.468512e-01" type="0"/>
    <Peak1D F1="2.951811" intensity="4.177901e-01" type="0"/>
    <Peak1D F1="2.938116" intensity="2.782537e-01" type="0"/>
    <Peak1D F1="2.867623" intensity="1.345856e-01" type="0"/>
    <Peak1D F1="2.637727" intensity="1.490178e-01" type="0"/>
    <Peak1D F1="2.533421" intensity="1.135547e-01" type="0"/>
    <Peak1D F1="2.531339" intensity="1.329515e-01" type="0"/>
    <Peak1D F1="2.506209" intensity="1.472767e+01" type="0"/>
    <Peak1D F1="2.502755" intensity="1.946388e+01" type="0"/>
    <Peak1D F1="2.499312" intensity="1.484052e+01" type="0"/>
    <Peak1D F1="2.474288" intensity="2.535574e-01" type="0"/>
    <Peak1D F1="2.468221" intensity="1.918550e-01" type="0"/>
    <Peak1D F1="2.466188" intensity="1.785678e-01" type="0"/>
    <Peak1D F1="2.462277" intensity="1.598444e-01" type="0"/>
    <Peak1D F1="2.460065" intensity="1.477376e-01" type="0"/>
    <Peak1D F1="2.456022" intensity="1.393020e-01" type="0"/>
    <Peak1D F1="2.449991" intensity="1.235390e-01" type="0"/>
    <Peak1D F1="2.443954" intensity="1.089141e-01" type="0"/>
    <Peak1D F1="2.433921" intensity="1.040177e-01" type="0"/>
    <Peak1D F1="2.421742" intensity="1.015791e-01" type="0"/>
    <Peak1D F1="2.363726" intensity="1.824032e-01" type="0"/>
    <Peak1D F1="2.337380" intensity="1.021460e-01" type="0"/>
    <Peak1D F1="2.310213" intensity="2.452565e+00" type="0"/>
    <Peak1D F1="2.295139" intensity="3.836132e+00" type="0"/>
    <Peak1D F1="2.279611" intensity="2.659617e+00" type="0"/>
    <Peak1D F1="2.155980" intensity="1.374555e-01" type="0"/>
    <Peak1D F1="2.148510" intensity="1.627744e-01" type="0"/>
    <Peak1D F1="2.128120" intensity="5.083909e-01" type="0"/>
    <Peak1D F1="2.124263" intensity="5.417640e-01" type="0"/>
    <Peak1D F1="2.117553" intensity="6.060994e-01" type="0"/>
    <Peak1D F1="2.110545" intensity="6.356812e-01" type="0"/>
    <Peak1D F1="2.103209" intensity="7.720894e-01" type="0"/>
    <Peak1D F1="2.097427" intensity="8.043438e-01" type="0"/>
    <Peak1D F1="2.080689" intensity="6.078232e-01" type="0"/>
    <Peak1D F1="2.071303" intensity="6.030766e-01" type="0"/>
    <Peak1D F1="2.050944" intensity="3.435629e-01" type="0"/>
    <Peak1D F1="2.035172" intensity="5.895172e-01" type="0"/>
    <Peak1D F1="2.025092" intensity="5.220863e-01" type="0"/>
    <Peak1D F1="2.018644" intensity="6.681740e-01" type="0"/>
    <Peak1D F1="2.009646" intensity="1.025381e+00" type="0"/>
    <Peak1D F1="2.003274" intensity="4.829716e-01" type="0"/>
    <Peak1D F1="1.993169" intensity="1.031672e+00" type="0"/>
    <Peak1D F1="1.977378" intensity="5.300744e-01" type="0"/>
    <Peak1D F1="1.960097" intensity="5.253953e-01" type="0"/>
    <Peak1D F1="1.948232" intensity="1.044025e+00" type="0"/>
    <Peak1D F1="1.934544" intensity="2.208848e+00" type="0"/>
    <Peak1D F1="1.923486" intensity="1.663515e+00" type="0"/>
    <Peak1D F1="1.908297" intensity="1.008339e+00" type="0"/>
    <Peak1D F1="1.897284" intensity="1.139621e+00" type="0"/>
    <Peak1D F1="1.875821" intensity="2.620643e-01" type="0"/>
    <Peak1D F1="1.862841" intensity="3.808249e-01" type="0"/>
    <Peak1D F1="1.850155" intensity="3.317113e-01" type="0"/>
    <Peak1D F1="1.846361" intensity="4.155503e-01" type="0"/>
    <Peak1D F1="1.841726" intensity="2.701083e-01" type="0"/>
    <Peak1D F1="1.833329" intensity="3.070471e-01" type="0"/>
    <Peak1D F1="1.829725" intensity="2.541622e-01" type="0"/>
    <Peak1D F1="1.825218" intensity="2.619623e-01" type="0"/>
    <Peak1D F1="1.813045" intensity="3.351010e-01" type="0"/>
    <Peak1D F1="1.808677" intensity="2.729711e-01" type="0"/>
    <Peak1D F1="1.799647" intensity="4.731500e-01" type="0"/>
    <Peak1D F1="1.788180" intensity="8.994924e-01" type="0"/>
    <Peak1D F1="1.776816" intensity="9.548771e-01" type="0"/>
    <Peak1D F1="1.774195" intensity="9.723042e-01" type="0"/>
    <Peak1D F1="1.762694" intensity="1.120806e+00" type="0"/>
    <Peak1D F1="1.751186" intensity="6.906658e-01" type="0"/>
    <Peak1D F1="1.737004" intensity="5.099708e-01" type="0"/>
    <Peak1D F1="1.723065" intensity="4.231811e-01" type="0"/>
    <Peak1D F1="1.707718" intensity="1.058417e+00" type="0"/>
    <Peak1D F1="1.692728" intensity="1.875782e+00" type="0"/>
    <Peak1D F1="1.682383" intensity="1.341543e+00" type="0"/>
    <Peak1D F1="1.677455" intensity="1.803922e+00" type="0"/>
    <Peak1D F1="1.667453" intensity="1.900259e+00" type="0"/>
    <Peak1D F1="1.652472" intensity="7.656849e-01" type="0"/>
    <Peak1D F1="1.640776" intensity="5.961221e-01" type="0"/>
    <Peak1D F1="1.630219" intensity="6.386496e-01" type="0"/>
    <Peak1D F1="1.616251" intensity="1.259342e+00" type="0"/>
    <Peak1D F1="1.594189" intensity="1.031150e+01" type="0"/>
    <Peak1D F1="1.580035" intensity="1.500000e+01" type="0"/>
    <Peak1D F1="1.556894" intensity="5.856608e-01" type="0"/>
    <Peak1D F1="1.496543" intensity="7.894058e-01" type="0"/>
    <Peak1D F1="1.481228" intensity="1.878001e+00" type="0"/>
    <Peak1D F1="1.466619" intensity="2.746153e+00" type="0"/>
    <Peak1D F1="1.451728" intensity="2.069970e+00" type="0"/>
    <Peak1D F1="1.436854" intensity="8.217950e-01" type="0"/>
    <Peak1D F1="1.329246" intensity="2.394512e-01" type="0"/>
    <Peak1D F1="1.324641" intensity="2.959414e-01" type="0"/>
    <Peak1D F1="1.314829" intensity="8.259634e-01" type="0"/>
    <Peak1D F1="1.310885" intensity="8.850543e-01" type="0"/>
    <Peak1D F1="1.298103" intensity="2.014493e+00" type="0"/>
    <Peak1D F1="1.283851" intensity="2.769135e+00" type="0"/>
    <Peak1D F1="1.269364" intensity="2.812365e+00" type="0"/>
    <Peak1D F1="1.254218" intensity="2.569549e+00" type="0"/>
    <Peak1D F1="1.239476" intensity="2.404457e+00" type="0"/>
    <Peak1D F1="1.229902" intensity="1.280517e+00" type="0"/>
    <Peak1D F1="1.224027" intensity="1.100035e+00" type="0"/>
    <Peak1D F1="1.212962" intensity="4.240906e-01" type="0"/>
    <Peak1D F1="1.208252" intensity="3.574626e-01" type="0"/>
    <Peak1D F1="0.982701" intensity="1.374207e-01" type="0"/>
    <Peak1D F1="0.891609" intensity="1.217714e-01" type="0"/>
    <Peak1D F1="0.889652" intensity="1.209950e-01" type="0"/>
    <Peak1D F1="0.870795" intensity="5.117192e+00" type="0"/>
    <Peak1D F1="0.856931" intensity="1.089208e+01" type="0"/>
    <Peak1D F1="0.842519" intensity="5.282340e+00" type="0"/>
    <Peak1D F1="-0.000177" intensity="1.052994e-01" type="0"/>
  </PeakList1D>
</PeakList>
