<?xml version="1.0" encoding="UTF-8"?>
<PeakList>
  <PeakList1D>
    <PeakList1DHeader creator="nmr" date="2025-04-15T04:25:59.626-07:00" expNo="10" name="2025_04_14_CBD_DMSO_TMS_25F_Bruker500" owner="" procNo="1" source="D:/AutomationData/data/nmr/nmr">
      <PeakPickDetails>F1=16.894920ppm, F2=-6.907463ppm, MI=0.10cm, MAXI=10000.00cm, PC=1.000
      </PeakPickDetails>
    </PeakList1DHeader>
    <Peak1D F1="6.011394" intensity="3.415900e-01" type="0"/>
    <Peak1D F1="4.484425" intensity="1.006613e-01" type="0"/>
    <Peak1D F1="4.404959" intensity="1.002653e-01" type="0"/>
    <Peak1D F1="3.372040" intensity="1.105091e-01" type="0"/>
    <Peak1D F1="3.370023" intensity="1.295207e-01" type="0"/>
    <Peak1D F1="3.367986" intensity="1.509798e-01" type="0"/>
    <Peak1D F1="3.365963" intensity="1.794105e-01" type="0"/>
    <Peak1D F1="3.363868" intensity="2.197980e-01" type="0"/>
    <Peak1D F1="3.361725" intensity="2.818515e-01" type="0"/>
    <Peak1D F1="3.347718" intensity="1.500000e+01" type="0"/>
    <Peak1D F1="3.335362" intensity="4.591734e-01" type="0"/>
    <Peak1D F1="3.333119" intensity="3.592772e-01" type="0"/>
    <Peak1D F1="3.331196" intensity="2.864431e-01" type="0"/>
    <Peak1D F1="3.329117" intensity="2.209699e-01" type="0"/>
    <Peak1D F1="3.327002" intensity="1.750539e-01" type="0"/>
    <Peak1D F1="3.324969" intensity="1.457507e-01" type="0"/>
    <Peak1D F1="3.322940" intensity="1.230646e-01" type="0"/>
    <Peak1D F1="3.320928" intensity="1.026633e-01" type="0"/>
    <Peak1D F1="2.506076" intensity="8.699590e-01" type="0"/>
    <Peak1D F1="2.502586" intensity="1.161567e+00" type="0"/>
    <Peak1D F1="2.499106" intensity="8.732173e-01" type="0"/>
    <Peak1D F1="2.296416" intensity="1.307877e-01" type="0"/>
    <Peak1D F1="1.594433" intensity="3.417049e-01" type="0"/>
    <Peak1D F1="1.579887" intensity="5.166703e-01" type="0"/>
    <Peak1D F1="0.870943" intensity="1.890835e-01" type="0"/>
    <Peak1D F1="0.857037" intensity="4.143755e-01" type="0"/>
    <Peak1D F1="0.842619" intensity="1.956651e-01" type="0"/>
  </PeakList1D>
</PeakList>
