<?xml version="1.0" encoding="UTF-8"?>
<PeakList>
  <PeakList1D>
    <PeakList1DHeader creator="nmr" date="2024-11-13T15:57:58.932-07:00" expNo="10" name="2024_11_13_THCa_Proline_Mechanochem_DMSO_Bruker500" owner="" procNo="1" source="D:/AutomationData/data/nmr/nmr">
      <PeakPickDetails>F1=16.896839ppm, F2=-6.905544ppm, MI=0.10cm, MAXI=10000.00cm, PC=1.000
      </PeakPickDetails>
    </PeakList1DHeader>
    <Peak1D F1="6.386255" intensity="2.869250e+00" type="0"/>
    <Peak1D F1="5.998472" intensity="4.848186e+00" type="0"/>
    <Peak1D F1="4.388197" intensity="1.035151e-01" type="0"/>
    <Peak1D F1="4.270065" intensity="1.270226e-01" type="0"/>
    <Peak1D F1="4.155067" intensity="1.528565e-01" type="0"/>
    <Peak1D F1="4.052183" intensity="1.875418e-01" type="0"/>
    <Peak1D F1="3.906265" intensity="1.564426e+00" type="0"/>
    <Peak1D F1="3.893383" intensity="1.905098e+00" type="0"/>
    <Peak1D F1="3.889451" intensity="2.103764e+00" type="0"/>
    <Peak1D F1="3.876425" intensity="1.705739e+00" type="0"/>
    <Peak1D F1="3.742541" intensity="2.811020e-01" type="0"/>
    <Peak1D F1="3.729345" intensity="2.813739e-01" type="0"/>
    <Peak1D F1="3.678835" intensity="2.811676e-01" type="0"/>
    <Peak1D F1="3.640202" intensity="2.825536e-01" type="0"/>
    <Peak1D F1="3.616318" intensity="2.820656e-01" type="0"/>
    <Peak1D F1="3.591114" intensity="2.810715e-01" type="0"/>
    <Peak1D F1="3.533933" intensity="2.751880e-01" type="0"/>
    <Peak1D F1="3.392233" intensity="2.341788e-01" type="0"/>
    <Peak1D F1="3.340093" intensity="2.193941e-01" type="0"/>
    <Peak1D F1="3.247234" intensity="9.285706e-01" type="0"/>
    <Peak1D F1="3.232630" intensity="1.341296e+00" type="0"/>
    <Peak1D F1="3.224712" intensity="1.401836e+00" type="0"/>
    <Peak1D F1="3.220307" intensity="1.259673e+00" type="0"/>
    <Peak1D F1="3.210377" intensity="1.682858e+00" type="0"/>
    <Peak1D F1="3.197664" intensity="1.241738e+00" type="0"/>
    <Peak1D F1="3.101379" intensity="2.059249e+00" type="0"/>
    <Peak1D F1="3.086700" intensity="2.945271e+00" type="0"/>
    <Peak1D F1="3.078997" intensity="2.120592e+00" type="0"/>
    <Peak1D F1="3.072056" intensity="2.220624e+00" type="0"/>
    <Peak1D F1="3.064395" intensity="2.067850e+00" type="0"/>
    <Peak1D F1="3.049446" intensity="9.935329e-01" type="0"/>
    <Peak1D F1="2.954438" intensity="6.539463e-01" type="0"/>
    <Peak1D F1="2.941631" intensity="7.672936e-01" type="0"/>
    <Peak1D F1="2.936404" intensity="8.896650e-01" type="0"/>
    <Peak1D F1="2.929739" intensity="9.770452e-01" type="0"/>
    <Peak1D F1="2.924036" intensity="9.442367e-01" type="0"/>
    <Peak1D F1="2.917937" intensity="9.533862e-01" type="0"/>
    <Peak1D F1="2.911335" intensity="9.528025e-01" type="0"/>
    <Peak1D F1="2.899406" intensity="7.804400e-01" type="0"/>
    <Peak1D F1="2.759705" intensity="7.323959e-01" type="0"/>
    <Peak1D F1="2.747081" intensity="9.560897e-01" type="0"/>
    <Peak1D F1="2.741135" intensity="9.303131e-01" type="0"/>
    <Peak1D F1="2.734992" intensity="8.593323e-01" type="0"/>
    <Peak1D F1="2.728696" intensity="9.592946e-01" type="0"/>
    <Peak1D F1="2.721870" intensity="8.614461e-01" type="0"/>
    <Peak1D F1="2.717783" intensity="7.399117e-01" type="0"/>
    <Peak1D F1="2.703976" intensity="6.288720e-01" type="0"/>
    <Peak1D F1="2.637386" intensity="1.379595e-01" type="0"/>
    <Peak1D F1="2.535124" intensity="1.019721e-01" type="0"/>
    <Peak1D F1="2.533053" intensity="1.134107e-01" type="0"/>
    <Peak1D F1="2.528988" intensity="1.470060e-01" type="0"/>
    <Peak1D F1="2.505776" intensity="1.328091e+01" type="0"/>
    <Peak1D F1="2.502354" intensity="1.759147e+01" type="0"/>
    <Peak1D F1="2.498938" intensity="1.356269e+01" type="0"/>
    <Peak1D F1="2.467912" intensity="1.771565e-01" type="0"/>
    <Peak1D F1="2.463884" intensity="1.569381e-01" type="0"/>
    <Peak1D F1="2.461838" intensity="1.468744e-01" type="0"/>
    <Peak1D F1="2.455767" intensity="1.253022e-01" type="0"/>
    <Peak1D F1="2.451718" intensity="1.188354e-01" type="0"/>
    <Peak1D F1="2.443620" intensity="1.009401e-01" type="0"/>
    <Peak1D F1="2.363377" intensity="1.412828e-01" type="0"/>
    <Peak1D F1="2.148626" intensity="4.025129e-01" type="0"/>
    <Peak1D F1="2.133694" intensity="9.369340e-01" type="0"/>
    <Peak1D F1="2.116557" intensity="1.555735e+00" type="0"/>
    <Peak1D F1="2.106118" intensity="2.779192e+00" type="0"/>
    <Peak1D F1="2.102320" intensity="2.707004e+00" type="0"/>
    <Peak1D F1="2.091306" intensity="3.281619e+00" type="0"/>
    <Peak1D F1="2.077262" intensity="1.636456e+00" type="0"/>
    <Peak1D F1="1.978958" intensity="5.138850e-01" type="0"/>
    <Peak1D F1="1.966341" intensity="1.185369e+00" type="0"/>
    <Peak1D F1="1.951612" intensity="1.596991e+00" type="0"/>
    <Peak1D F1="1.938976" intensity="1.388792e+00" type="0"/>
    <Peak1D F1="1.925847" intensity="1.061398e+00" type="0"/>
    <Peak1D F1="1.913279" intensity="5.903357e-01" type="0"/>
    <Peak1D F1="1.876150" intensity="9.613104e-01" type="0"/>
    <Peak1D F1="1.871542" intensity="8.727819e-01" type="0"/>
    <Peak1D F1="1.856530" intensity="1.395430e+00" type="0"/>
    <Peak1D F1="1.844695" intensity="1.589363e+00" type="0"/>
    <Peak1D F1="1.831295" intensity="1.457559e+00" type="0"/>
    <Peak1D F1="1.818676" intensity="1.624896e+00" type="0"/>
    <Peak1D F1="1.804053" intensity="1.251665e+00" type="0"/>
    <Peak1D F1="1.789460" intensity="1.438222e+00" type="0"/>
    <Peak1D F1="1.774525" intensity="1.793306e+00" type="0"/>
    <Peak1D F1="1.759851" intensity="1.299809e+00" type="0"/>
    <Peak1D F1="1.749092" intensity="9.445956e-01" type="0"/>
    <Peak1D F1="1.734362" intensity="5.991465e-01" type="0"/>
    <Peak1D F1="1.719502" intensity="1.647311e-01" type="0"/>
    <Peak1D F1="1.614091" intensity="9.494275e+00" type="0"/>
    <Peak1D F1="1.527994" intensity="7.858236e-01" type="0"/>
    <Peak1D F1="1.505788" intensity="1.890410e+00" type="0"/>
    <Peak1D F1="1.494173" intensity="7.743294e-01" type="0"/>
    <Peak1D F1="1.480670" intensity="1.960037e+00" type="0"/>
    <Peak1D F1="1.466529" intensity="1.636313e+00" type="0"/>
    <Peak1D F1="1.452820" intensity="1.576353e+00" type="0"/>
    <Peak1D F1="1.449333" intensity="1.594138e+00" type="0"/>
    <Peak1D F1="1.435806" intensity="1.095118e+00" type="0"/>
    <Peak1D F1="1.422865" intensity="5.387151e-01" type="0"/>
    <Peak1D F1="1.410056" intensity="2.641507e-01" type="0"/>
    <Peak1D F1="1.390811" intensity="4.670607e-01" type="0"/>
    <Peak1D F1="1.372572" intensity="1.067089e+00" type="0"/>
    <Peak1D F1="1.355564" intensity="1.451323e+01" type="0"/>
    <Peak1D F1="1.329701" intensity="8.339345e-01" type="0"/>
    <Peak1D F1="1.303341" intensity="7.121600e-01" type="0"/>
    <Peak1D F1="1.295819" intensity="8.161065e-01" type="0"/>
    <Peak1D F1="1.284724" intensity="1.614174e+00" type="0"/>
    <Peak1D F1="1.280533" intensity="1.653569e+00" type="0"/>
    <Peak1D F1="1.271580" intensity="3.088711e+00" type="0"/>
    <Peak1D F1="1.265171" intensity="4.382277e+00" type="0"/>
    <Peak1D F1="1.258109" intensity="4.120206e+00" type="0"/>
    <Peak1D F1="1.250963" intensity="3.315821e+00" type="0"/>
    <Peak1D F1="1.235040" intensity="1.168974e+00" type="0"/>
    <Peak1D F1="1.132504" intensity="1.177524e-01" type="0"/>
    <Peak1D F1="1.008227" intensity="1.500000e+01" type="0"/>
    <Peak1D F1="0.863685" intensity="3.757351e+00" type="0"/>
    <Peak1D F1="0.850077" intensity="8.367785e+00" type="0"/>
    <Peak1D F1="0.835949" intensity="3.839910e+00" type="0"/>
    <Peak1D F1="0.014485" intensity="1.113085e-01" type="0"/>
    <Peak1D F1="0.012467" intensity="1.477569e-01" type="0"/>
    <Peak1D F1="0.010428" intensity="2.071942e-01" type="0"/>
    <Peak1D F1="0.006310" intensity="6.941735e-01" type="0"/>
    <Peak1D F1="-0.000188" intensity="9.619013e+00" type="0"/>
    <Peak1D F1="-0.006515" intensity="6.886161e-01" type="0"/>
    <Peak1D F1="-0.010515" intensity="2.508320e-01" type="0"/>
    <Peak1D F1="-0.012582" intensity="1.854892e-01" type="0"/>
    <Peak1D F1="-0.014589" intensity="1.493595e-01" type="0"/>
    <Peak1D F1="-0.016638" intensity="1.220092e-01" type="0"/>
  </PeakList1D>
</PeakList>
