<?xml version="1.0" encoding="UTF-8"?>
<PeakList>
  <PeakList1D>
    <PeakList1DHeader creator="nmr" date="2024-11-13T16:45:28.864-07:00" expNo="10" name="2024_11_13_DSC4_CBD_Proline_Mechanochem_DMSO_Bruker500" owner="" procNo="1" source="D:/AutomationData/data/nmr/nmr">
      <PeakPickDetails>F1=16.895741ppm, F2=-6.906642ppm, MI=0.10cm, MAXI=10000.00cm, PC=1.000
      </PeakPickDetails>
    </PeakList1DHeader>
    <Peak1D F1="8.667449" intensity="7.819302e-01" type="0"/>
    <Peak1D F1="6.012763" intensity="9.671870e+00" type="0"/>
    <Peak1D F1="5.079297" intensity="2.944052e+00" type="0"/>
    <Peak1D F1="4.489100" intensity="2.777186e+00" type="0"/>
    <Peak1D F1="4.484503" intensity="3.005466e+00" type="0"/>
    <Peak1D F1="4.406907" intensity="2.354875e+00" type="0"/>
    <Peak1D F1="4.404284" intensity="2.984609e+00" type="0"/>
    <Peak1D F1="4.401892" intensity="2.903136e+00" type="0"/>
    <Peak1D F1="3.828978" intensity="1.036776e+00" type="0"/>
    <Peak1D F1="3.820378" intensity="8.822924e-01" type="0"/>
    <Peak1D F1="3.811632" intensity="1.101934e+00" type="0"/>
    <Peak1D F1="3.808269" intensity="1.072095e+00" type="0"/>
    <Peak1D F1="3.628747" intensity="1.351326e+00" type="0"/>
    <Peak1D F1="3.617487" intensity="1.540240e+00" type="0"/>
    <Peak1D F1="3.611435" intensity="1.507699e+00" type="0"/>
    <Peak1D F1="3.600271" intensity="1.420259e+00" type="0"/>
    <Peak1D F1="3.331166" intensity="1.250759e+01" type="0"/>
    <Peak1D F1="3.231354" intensity="1.574767e+00" type="0"/>
    <Peak1D F1="3.219919" intensity="1.585951e+00" type="0"/>
    <Peak1D F1="3.216837" intensity="1.618614e+00" type="0"/>
    <Peak1D F1="3.208731" intensity="1.640785e+00" type="0"/>
    <Peak1D F1="3.205743" intensity="1.569015e+00" type="0"/>
    <Peak1D F1="3.197579" intensity="1.570559e+00" type="0"/>
    <Peak1D F1="3.194406" intensity="1.561526e+00" type="0"/>
    <Peak1D F1="3.182975" intensity="1.254570e+00" type="0"/>
    <Peak1D F1="3.049021" intensity="9.073110e-01" type="0"/>
    <Peak1D F1="3.044132" intensity="9.284886e-01" type="0"/>
    <Peak1D F1="3.020498" intensity="1.978357e+00" type="0"/>
    <Peak1D F1="3.004650" intensity="2.171603e+00" type="0"/>
    <Peak1D F1="2.998084" intensity="1.582647e+00" type="0"/>
    <Peak1D F1="2.990039" intensity="1.099557e+00" type="0"/>
    <Peak1D F1="2.982700" intensity="1.300523e+00" type="0"/>
    <Peak1D F1="2.967563" intensity="7.293026e-01" type="0"/>
    <Peak1D F1="2.640097" intensity="1.339394e-01" type="0"/>
    <Peak1D F1="2.636344" intensity="1.725232e-01" type="0"/>
    <Peak1D F1="2.632720" intensity="1.342327e-01" type="0"/>
    <Peak1D F1="2.542040" intensity="1.031721e-01" type="0"/>
    <Peak1D F1="2.540152" intensity="1.193554e-01" type="0"/>
    <Peak1D F1="2.538028" intensity="1.351116e-01" type="0"/>
    <Peak1D F1="2.536068" intensity="1.474836e-01" type="0"/>
    <Peak1D F1="2.534068" intensity="1.698524e-01" type="0"/>
    <Peak1D F1="2.531955" intensity="1.957280e-01" type="0"/>
    <Peak1D F1="2.529947" intensity="2.221790e-01" type="0"/>
    <Peak1D F1="2.527924" intensity="2.653696e-01" type="0"/>
    <Peak1D F1="2.525886" intensity="3.242924e-01" type="0"/>
    <Peak1D F1="2.521874" intensity="5.221919e-01" type="0"/>
    <Peak1D F1="2.504900" intensity="2.216370e+01" type="0"/>
    <Peak1D F1="2.501390" intensity="2.966403e+01" type="0"/>
    <Peak1D F1="2.497902" intensity="2.285860e+01" type="0"/>
    <Peak1D F1="2.478994" intensity="4.855677e-01" type="0"/>
    <Peak1D F1="2.476997" intensity="4.063708e-01" type="0"/>
    <Peak1D F1="2.474950" intensity="3.505961e-01" type="0"/>
    <Peak1D F1="2.472817" intensity="3.031140e-01" type="0"/>
    <Peak1D F1="2.470871" intensity="2.677637e-01" type="0"/>
    <Peak1D F1="2.468835" intensity="2.319757e-01" type="0"/>
    <Peak1D F1="2.466785" intensity="2.043242e-01" type="0"/>
    <Peak1D F1="2.464735" intensity="1.831479e-01" type="0"/>
    <Peak1D F1="2.462693" intensity="1.665579e-01" type="0"/>
    <Peak1D F1="2.460720" intensity="1.465653e-01" type="0"/>
    <Peak1D F1="2.458742" intensity="1.389161e-01" type="0"/>
    <Peak1D F1="2.456729" intensity="1.324063e-01" type="0"/>
    <Peak1D F1="2.454686" intensity="1.258874e-01" type="0"/>
    <Peak1D F1="2.452651" intensity="1.125428e-01" type="0"/>
    <Peak1D F1="2.450682" intensity="1.100123e-01" type="0"/>
    <Peak1D F1="2.448670" intensity="1.095824e-01" type="0"/>
    <Peak1D F1="2.446585" intensity="1.013513e-01" type="0"/>
    <Peak1D F1="2.366140" intensity="1.739308e-01" type="0"/>
    <Peak1D F1="2.362343" intensity="2.265474e-01" type="0"/>
    <Peak1D F1="2.310269" intensity="2.473639e+00" type="0"/>
    <Peak1D F1="2.295192" intensity="3.835698e+00" type="0"/>
    <Peak1D F1="2.279692" intensity="2.659044e+00" type="0"/>
    <Peak1D F1="2.124917" intensity="3.782640e-01" type="0"/>
    <Peak1D F1="2.093989" intensity="7.212942e-01" type="0"/>
    <Peak1D F1="2.079031" intensity="5.834788e-01" type="0"/>
    <Peak1D F1="2.068234" intensity="5.768640e-01" type="0"/>
    <Peak1D F1="2.044487" intensity="2.911623e-01" type="0"/>
    <Peak1D F1="2.028843" intensity="5.960290e-01" type="0"/>
    <Peak1D F1="2.018801" intensity="5.594006e-01" type="0"/>
    <Peak1D F1="2.012258" intensity="6.968768e-01" type="0"/>
    <Peak1D F1="2.003376" intensity="1.119579e+00" type="0"/>
    <Peak1D F1="1.996893" intensity="5.009890e-01" type="0"/>
    <Peak1D F1="1.986826" intensity="1.142904e+00" type="0"/>
    <Peak1D F1="1.971186" intensity="5.907928e-01" type="0"/>
    <Peak1D F1="1.960225" intensity="4.787502e-01" type="0"/>
    <Peak1D F1="1.948862" intensity="1.049586e+00" type="0"/>
    <Peak1D F1="1.945806" intensity="1.010461e+00" type="0"/>
    <Peak1D F1="1.934770" intensity="2.186786e+00" type="0"/>
    <Peak1D F1="1.923924" intensity="1.776275e+00" type="0"/>
    <Peak1D F1="1.908867" intensity="9.225987e-01" type="0"/>
    <Peak1D F1="1.897887" intensity="1.167450e+00" type="0"/>
    <Peak1D F1="1.811129" intensity="2.311219e-01" type="0"/>
    <Peak1D F1="1.799881" intensity="4.343434e-01" type="0"/>
    <Peak1D F1="1.796797" intensity="4.651327e-01" type="0"/>
    <Peak1D F1="1.785663" intensity="9.341589e-01" type="0"/>
    <Peak1D F1="1.774469" intensity="9.985666e-01" type="0"/>
    <Peak1D F1="1.771443" intensity="1.044321e+00" type="0"/>
    <Peak1D F1="1.760154" intensity="1.279281e+00" type="0"/>
    <Peak1D F1="1.748906" intensity="6.700191e-01" type="0"/>
    <Peak1D F1="1.745976" intensity="6.608236e-01" type="0"/>
    <Peak1D F1="1.734475" intensity="2.716248e-01" type="0"/>
    <Peak1D F1="1.718094" intensity="3.935036e-01" type="0"/>
    <Peak1D F1="1.702823" intensity="1.394488e+00" type="0"/>
    <Peak1D F1="1.687685" intensity="1.971919e+00" type="0"/>
    <Peak1D F1="1.677410" intensity="1.649093e+00" type="0"/>
    <Peak1D F1="1.672649" intensity="2.034312e+00" type="0"/>
    <Peak1D F1="1.662494" intensity="1.847412e+00" type="0"/>
    <Peak1D F1="1.647132" intensity="7.537891e-01" type="0"/>
    <Peak1D F1="1.641072" intensity="6.266015e-01" type="0"/>
    <Peak1D F1="1.630609" intensity="7.209987e-01" type="0"/>
    <Peak1D F1="1.616145" intensity="1.264057e+00" type="0"/>
    <Peak1D F1="1.593928" intensity="1.042465e+01" type="0"/>
    <Peak1D F1="1.579695" intensity="1.500000e+01" type="0"/>
    <Peak1D F1="1.556885" intensity="5.456706e-01" type="0"/>
    <Peak1D F1="1.496221" intensity="7.632990e-01" type="0"/>
    <Peak1D F1="1.480941" intensity="1.868040e+00" type="0"/>
    <Peak1D F1="1.466272" intensity="2.740888e+00" type="0"/>
    <Peak1D F1="1.451364" intensity="2.039544e+00" type="0"/>
    <Peak1D F1="1.436450" intensity="8.038185e-01" type="0"/>
    <Peak1D F1="1.329324" intensity="2.260633e-01" type="0"/>
    <Peak1D F1="1.325241" intensity="2.671762e-01" type="0"/>
    <Peak1D F1="1.314856" intensity="8.223335e-01" type="0"/>
    <Peak1D F1="1.310848" intensity="8.900619e-01" type="0"/>
    <Peak1D F1="1.298065" intensity="2.023710e+00" type="0"/>
    <Peak1D F1="1.283794" intensity="2.757601e+00" type="0"/>
    <Peak1D F1="1.269126" intensity="2.806219e+00" type="0"/>
    <Peak1D F1="1.256926" intensity="2.508716e+00" type="0"/>
    <Peak1D F1="1.254258" intensity="2.567268e+00" type="0"/>
    <Peak1D F1="1.239502" intensity="2.360591e+00" type="0"/>
    <Peak1D F1="1.229907" intensity="1.253854e+00" type="0"/>
    <Peak1D F1="1.223911" intensity="1.073001e+00" type="0"/>
    <Peak1D F1="1.212973" intensity="3.900591e-01" type="0"/>
    <Peak1D F1="1.208349" intensity="3.335222e-01" type="0"/>
    <Peak1D F1="0.897576" intensity="1.060367e-01" type="0"/>
    <Peak1D F1="0.891346" intensity="1.434561e-01" type="0"/>
    <Peak1D F1="0.887432" intensity="1.463069e-01" type="0"/>
    <Peak1D F1="0.870695" intensity="5.185651e+00" type="0"/>
    <Peak1D F1="0.856808" intensity="1.114880e+01" type="0"/>
    <Peak1D F1="0.842387" intensity="5.351892e+00" type="0"/>
    <Peak1D F1="0.822000" intensity="1.395795e-01" type="0"/>
    <Peak1D F1="-0.000181" intensity="1.183728e+00" type="0"/>
  </PeakList1D>
</PeakList>
