<?xml version="1.0" encoding="UTF-8"?>
<PeakList>
  <PeakList1D>
    <PeakList1DHeader creator="nmr" date="2024-11-13T15:47:41.919-07:00" expNo="10" name="2024_11_13_THCa_DMSO_Bruker500" owner="" procNo="1" source="D:/AutomationData/data/nmr/nmr">
      <PeakPickDetails>F1=16.900539ppm, F2=-6.901844ppm, MI=0.10cm, MAXI=10000.00cm, PC=1.000
      </PeakPickDetails>
    </PeakList1DHeader>
    <Peak1D F1="13.036889" intensity="2.380497e-01" type="0"/>
    <Peak1D F1="6.314608" intensity="2.933013e+00" type="0"/>
    <Peak1D F1="6.150714" intensity="6.846383e+00" type="0"/>
    <Peak1D F1="3.334997" intensity="1.579563e+00" type="0"/>
    <Peak1D F1="3.144757" intensity="1.100732e+00" type="0"/>
    <Peak1D F1="3.122919" intensity="1.104751e+00" type="0"/>
    <Peak1D F1="2.883559" intensity="5.315410e-01" type="0"/>
    <Peak1D F1="2.870470" intensity="6.555727e-01" type="0"/>
    <Peak1D F1="2.865697" intensity="7.596418e-01" type="0"/>
    <Peak1D F1="2.857998" intensity="9.097437e-01" type="0"/>
    <Peak1D F1="2.853157" intensity="8.367287e-01" type="0"/>
    <Peak1D F1="2.846129" intensity="8.598201e-01" type="0"/>
    <Peak1D F1="2.839718" intensity="8.981372e-01" type="0"/>
    <Peak1D F1="2.827609" intensity="7.170193e-01" type="0"/>
    <Peak1D F1="2.737473" intensity="7.018782e-01" type="0"/>
    <Peak1D F1="2.724657" intensity="9.389613e-01" type="0"/>
    <Peak1D F1="2.719020" intensity="8.802730e-01" type="0"/>
    <Peak1D F1="2.711978" intensity="7.910419e-01" type="0"/>
    <Peak1D F1="2.706365" intensity="9.041561e-01" type="0"/>
    <Peak1D F1="2.698545" intensity="7.645698e-01" type="0"/>
    <Peak1D F1="2.680879" intensity="5.331329e-01" type="0"/>
    <Peak1D F1="2.509486" intensity="4.323332e+00" type="0"/>
    <Peak1D F1="2.506072" intensity="5.606361e+00" type="0"/>
    <Peak1D F1="2.502668" intensity="4.206242e+00" type="0"/>
    <Peak1D F1="2.102825" intensity="2.032666e+00" type="0"/>
    <Peak1D F1="2.095443" intensity="2.040253e+00" type="0"/>
    <Peak1D F1="1.888221" intensity="8.770452e-01" type="0"/>
    <Peak1D F1="1.884821" intensity="9.307891e-01" type="0"/>
    <Peak1D F1="1.875468" intensity="6.301695e-01" type="0"/>
    <Peak1D F1="1.871487" intensity="6.932147e-01" type="0"/>
    <Peak1D F1="1.864662" intensity="8.942364e-01" type="0"/>
    <Peak1D F1="1.861398" intensity="9.485475e-01" type="0"/>
    <Peak1D F1="1.620710" intensity="9.467876e+00" type="0"/>
    <Peak1D F1="1.558298" intensity="8.000900e-01" type="0"/>
    <Peak1D F1="1.534040" intensity="1.795813e+00" type="0"/>
    <Peak1D F1="1.511665" intensity="1.226229e+00" type="0"/>
    <Peak1D F1="1.508684" intensity="1.266778e+00" type="0"/>
    <Peak1D F1="1.491323" intensity="1.034704e+00" type="0"/>
    <Peak1D F1="1.479452" intensity="1.544774e+00" type="0"/>
    <Peak1D F1="1.467241" intensity="1.566143e+00" type="0"/>
    <Peak1D F1="1.450261" intensity="1.037176e+00" type="0"/>
    <Peak1D F1="1.437383" intensity="5.124856e-01" type="0"/>
    <Peak1D F1="1.424753" intensity="2.703823e-01" type="0"/>
    <Peak1D F1="1.405190" intensity="5.490326e-01" type="0"/>
    <Peak1D F1="1.377746" intensity="1.456425e+01" type="0"/>
    <Peak1D F1="1.363055" intensity="1.512851e+00" type="0"/>
    <Peak1D F1="1.344034" intensity="7.249835e-01" type="0"/>
    <Peak1D F1="1.338806" intensity="6.544548e-01" type="0"/>
    <Peak1D F1="1.318421" intensity="4.199494e-01" type="0"/>
    <Peak1D F1="1.301403" intensity="8.224884e-01" type="0"/>
    <Peak1D F1="1.290480" intensity="1.632057e+00" type="0"/>
    <Peak1D F1="1.285581" intensity="1.960397e+00" type="0"/>
    <Peak1D F1="1.273165" intensity="4.798395e+00" type="0"/>
    <Peak1D F1="1.266679" intensity="4.272295e+00" type="0"/>
    <Peak1D F1="1.259538" intensity="3.541896e+00" type="0"/>
    <Peak1D F1="1.246234" intensity="1.138844e+00" type="0"/>
    <Peak1D F1="1.223322" intensity="1.827818e-01" type="0"/>
    <Peak1D F1="1.148019" intensity="1.039628e-01" type="0"/>
    <Peak1D F1="1.023741" intensity="1.500000e+01" type="0"/>
    <Peak1D F1="0.895540" intensity="1.697826e-01" type="0"/>
    <Peak1D F1="0.889376" intensity="2.018430e-01" type="0"/>
    <Peak1D F1="0.883762" intensity="2.101336e-01" type="0"/>
    <Peak1D F1="0.866635" intensity="3.578858e+00" type="0"/>
    <Peak1D F1="0.853092" intensity="7.804885e+00" type="0"/>
    <Peak1D F1="0.839164" intensity="3.436671e+00" type="0"/>
    <Peak1D F1="0.006189" intensity="1.838362e-01" type="0"/>
    <Peak1D F1="-0.000185" intensity="2.372200e+00" type="0"/>
    <Peak1D F1="-0.006647" intensity="1.313492e-01" type="0"/>
  </PeakList1D>
</PeakList>
