<?xml version="1.0" encoding="UTF-8"?>
<PeakList>
  <PeakList1D>
    <PeakList1DHeader creator="nmr" date="2024-11-13T15:37:58.850-07:00" expNo="10" name="2024_11_13_d6_DMSO_TMS_Solvent_Bruker500" owner="" procNo="1" source="D:/AutomationData/data/nmr/nmr">
      <PeakPickDetails>F1=16.895269ppm, F2=-6.907114ppm, MI=0.10cm, MAXI=10000.00cm, PC=1.000
      </PeakPickDetails>
    </PeakList1DHeader>
    <Peak1D F1="3.338339" intensity="1.207172e-01" type="0"/>
    <Peak1D F1="3.336287" intensity="1.454833e-01" type="0"/>
    <Peak1D F1="3.334274" intensity="1.861869e-01" type="0"/>
    <Peak1D F1="3.332234" intensity="2.413519e-01" type="0"/>
    <Peak1D F1="3.330142" intensity="3.243556e-01" type="0"/>
    <Peak1D F1="3.327811" intensity="4.937599e-01" type="0"/>
    <Peak1D F1="3.319603" intensity="1.500000e+01" type="0"/>
    <Peak1D F1="3.311384" intensity="4.051021e-01" type="0"/>
    <Peak1D F1="3.309327" intensity="2.892058e-01" type="0"/>
    <Peak1D F1="3.307262" intensity="2.201126e-01" type="0"/>
    <Peak1D F1="3.305247" intensity="1.659648e-01" type="0"/>
    <Peak1D F1="3.303210" intensity="1.324044e-01" type="0"/>
    <Peak1D F1="3.301170" intensity="1.070211e-01" type="0"/>
    <Peak1D F1="2.504320" intensity="1.797967e+00" type="0"/>
    <Peak1D F1="2.500836" intensity="2.362462e+00" type="0"/>
    <Peak1D F1="2.497351" intensity="1.762773e+00" type="0"/>
    <Peak1D F1="0.006352" intensity="1.161265e-01" type="0"/>
    <Peak1D F1="-0.000181" intensity="1.594946e+00" type="0"/>
  </PeakList1D>
</PeakList>
