<?xml version="1.0" encoding="UTF-8"?>
<PeakList>
  <PeakList1D>
    <PeakList1DHeader creator="nmr" date="2024-11-13T16:08:03.464-07:00" expNo="10" name="2024_11_13_DSC15_THCa_Proline_Mechanochem_DMSO_Bruker500" owner="" procNo="1" source="D:/AutomationData/data/nmr/nmr">
      <PeakPickDetails>F1=16.896130ppm, F2=-6.906253ppm, MI=0.10cm, MAXI=10000.00cm, PC=1.000
      </PeakPickDetails>
    </PeakList1DHeader>
    <Peak1D F1="9.261578" intensity="6.448988e-01" type="0"/>
    <Peak1D F1="6.365194" intensity="2.812024e+00" type="0"/>
    <Peak1D F1="6.156592" intensity="3.869858e+00" type="0"/>
    <Peak1D F1="6.153955" intensity="4.058247e+00" type="0"/>
    <Peak1D F1="6.007540" intensity="4.070608e+00" type="0"/>
    <Peak1D F1="6.005060" intensity="4.037570e+00" type="0"/>
    <Peak1D F1="3.628706" intensity="1.461014e+00" type="0"/>
    <Peak1D F1="3.617475" intensity="1.672031e+00" type="0"/>
    <Peak1D F1="3.611377" intensity="1.645940e+00" type="0"/>
    <Peak1D F1="3.600245" intensity="1.548863e+00" type="0"/>
    <Peak1D F1="3.514427" intensity="2.810410e-01" type="0"/>
    <Peak1D F1="3.331444" intensity="1.455521e+01" type="0"/>
    <Peak1D F1="3.232316" intensity="1.780787e+00" type="0"/>
    <Peak1D F1="3.220802" intensity="1.785652e+00" type="0"/>
    <Peak1D F1="3.217770" intensity="1.794528e+00" type="0"/>
    <Peak1D F1="3.209550" intensity="1.827749e+00" type="0"/>
    <Peak1D F1="3.206796" intensity="1.741316e+00" type="0"/>
    <Peak1D F1="3.198428" intensity="1.750271e+00" type="0"/>
    <Peak1D F1="3.195472" intensity="1.714027e+00" type="0"/>
    <Peak1D F1="3.183926" intensity="1.389915e+00" type="0"/>
    <Peak1D F1="3.077968" intensity="1.193061e+00" type="0"/>
    <Peak1D F1="3.055946" intensity="1.202438e+00" type="0"/>
    <Peak1D F1="3.020182" intensity="9.226486e-01" type="0"/>
    <Peak1D F1="3.004991" intensity="1.682816e+00" type="0"/>
    <Peak1D F1="2.997812" intensity="9.727068e-01" type="0"/>
    <Peak1D F1="2.989877" intensity="1.102237e+00" type="0"/>
    <Peak1D F1="2.982625" intensity="1.394168e+00" type="0"/>
    <Peak1D F1="2.967500" intensity="7.839653e-01" type="0"/>
    <Peak1D F1="2.636681" intensity="1.728156e-01" type="0"/>
    <Peak1D F1="2.633012" intensity="1.364096e-01" type="0"/>
    <Peak1D F1="2.530266" intensity="2.055451e-01" type="0"/>
    <Peak1D F1="2.505031" intensity="2.304827e+01" type="0"/>
    <Peak1D F1="2.501612" intensity="3.016138e+01" type="0"/>
    <Peak1D F1="2.498204" intensity="2.311467e+01" type="0"/>
    <Peak1D F1="2.467028" intensity="2.608968e-01" type="0"/>
    <Peak1D F1="2.454964" intensity="1.688742e-01" type="0"/>
    <Peak1D F1="2.436763" intensity="1.153625e-01" type="0"/>
    <Peak1D F1="2.432497" intensity="1.158302e-01" type="0"/>
    <Peak1D F1="2.384145" intensity="1.762836e-01" type="0"/>
    <Peak1D F1="2.366672" intensity="4.086963e-01" type="0"/>
    <Peak1D F1="2.352600" intensity="1.672405e+00" type="0"/>
    <Peak1D F1="2.340474" intensity="2.808571e+00" type="0"/>
    <Peak1D F1="2.337023" intensity="2.772490e+00" type="0"/>
    <Peak1D F1="2.324161" intensity="1.857119e+00" type="0"/>
    <Peak1D F1="2.309836" intensity="3.394452e-01" type="0"/>
    <Peak1D F1="2.294281" intensity="1.677222e-01" type="0"/>
    <Peak1D F1="2.133102" intensity="1.008927e-01" type="0"/>
    <Peak1D F1="2.083018" intensity="1.977654e+00" type="0"/>
    <Peak1D F1="2.075056" intensity="2.019309e+00" type="0"/>
    <Peak1D F1="2.045247" intensity="3.739141e-01" type="0"/>
    <Peak1D F1="2.029546" intensity="6.840454e-01" type="0"/>
    <Peak1D F1="2.019669" intensity="6.212256e-01" type="0"/>
    <Peak1D F1="2.013032" intensity="7.754467e-01" type="0"/>
    <Peak1D F1="2.004075" intensity="1.243948e+00" type="0"/>
    <Peak1D F1="1.997507" intensity="5.364522e-01" type="0"/>
    <Peak1D F1="1.987682" intensity="1.254148e+00" type="0"/>
    <Peak1D F1="1.971866" intensity="6.355134e-01" type="0"/>
    <Peak1D F1="1.960334" intensity="5.057625e-01" type="0"/>
    <Peak1D F1="1.948989" intensity="1.053389e+00" type="0"/>
    <Peak1D F1="1.934831" intensity="1.374666e+00" type="0"/>
    <Peak1D F1="1.923506" intensity="1.095071e+00" type="0"/>
    <Peak1D F1="1.909337" intensity="6.490853e-01" type="0"/>
    <Peak1D F1="1.900819" intensity="3.771683e-01" type="0"/>
    <Peak1D F1="1.898306" intensity="3.913419e-01" type="0"/>
    <Peak1D F1="1.866796" intensity="9.269753e-01" type="0"/>
    <Peak1D F1="1.847219" intensity="9.032856e-01" type="0"/>
    <Peak1D F1="1.842693" intensity="9.138633e-01" type="0"/>
    <Peak1D F1="1.812204" intensity="2.495343e-01" type="0"/>
    <Peak1D F1="1.800938" intensity="4.669838e-01" type="0"/>
    <Peak1D F1="1.797968" intensity="4.878662e-01" type="0"/>
    <Peak1D F1="1.786734" intensity="1.003693e+00" type="0"/>
    <Peak1D F1="1.775553" intensity="1.101645e+00" type="0"/>
    <Peak1D F1="1.772541" intensity="1.123468e+00" type="0"/>
    <Peak1D F1="1.761273" intensity="1.304757e+00" type="0"/>
    <Peak1D F1="1.749985" intensity="6.617879e-01" type="0"/>
    <Peak1D F1="1.746988" intensity="6.347018e-01" type="0"/>
    <Peak1D F1="1.735560" intensity="3.111468e-01" type="0"/>
    <Peak1D F1="1.718673" intensity="3.206909e-01" type="0"/>
    <Peak1D F1="1.703488" intensity="1.005740e+00" type="0"/>
    <Peak1D F1="1.688271" intensity="1.416592e+00" type="0"/>
    <Peak1D F1="1.678015" intensity="7.968986e-01" type="0"/>
    <Peak1D F1="1.673140" intensity="1.008317e+00" type="0"/>
    <Peak1D F1="1.662988" intensity="9.160812e-01" type="0"/>
    <Peak1D F1="1.647737" intensity="6.378084e-01" type="0"/>
    <Peak1D F1="1.631969" intensity="3.434438e-01" type="0"/>
    <Peak1D F1="1.611616" intensity="9.200029e+00" type="0"/>
    <Peak1D F1="1.506933" intensity="7.980748e-01" type="0"/>
    <Peak1D F1="1.491984" intensity="2.277738e+00" type="0"/>
    <Peak1D F1="1.476427" intensity="4.145299e+00" type="0"/>
    <Peak1D F1="1.462599" intensity="2.205306e+00" type="0"/>
    <Peak1D F1="1.453259" intensity="1.467082e+00" type="0"/>
    <Peak1D F1="1.449528" intensity="1.505235e+00" type="0"/>
    <Peak1D F1="1.384872" intensity="1.632244e-01" type="0"/>
    <Peak1D F1="1.357610" intensity="4.580151e-01" type="0"/>
    <Peak1D F1="1.339264" intensity="1.066939e+00" type="0"/>
    <Peak1D F1="1.322433" intensity="1.476872e+01" type="0"/>
    <Peak1D F1="1.294352" intensity="2.566925e+00" type="0"/>
    <Peak1D F1="1.280187" intensity="2.789961e+00" type="0"/>
    <Peak1D F1="1.266391" intensity="2.174116e+00" type="0"/>
    <Peak1D F1="1.256616" intensity="1.797377e+00" type="0"/>
    <Peak1D F1="1.249310" intensity="1.927161e+00" type="0"/>
    <Peak1D F1="1.243632" intensity="2.159826e+00" type="0"/>
    <Peak1D F1="1.229442" intensity="2.208808e+00" type="0"/>
    <Peak1D F1="1.219674" intensity="1.173515e+00" type="0"/>
    <Peak1D F1="1.213218" intensity="1.094027e+00" type="0"/>
    <Peak1D F1="1.202533" intensity="4.019988e-01" type="0"/>
    <Peak1D F1="1.198476" intensity="3.734584e-01" type="0"/>
    <Peak1D F1="1.169661" intensity="1.440633e-01" type="0"/>
    <Peak1D F1="1.106291" intensity="1.172819e-01" type="0"/>
    <Peak1D F1="0.982611" intensity="1.500000e+01" type="0"/>
    <Peak1D F1="0.868020" intensity="4.760456e+00" type="0"/>
    <Peak1D F1="0.854110" intensity="1.002068e+01" type="0"/>
    <Peak1D F1="0.839628" intensity="4.870646e+00" type="0"/>
    <Peak1D F1="-0.000184" intensity="2.022253e+00" type="0"/>
  </PeakList1D>
</PeakList>
