<?xml version="1.0" encoding="UTF-8"?>
<PeakList>
  <PeakList1D>
    <PeakList1DHeader creator="nmr" date="2025-04-14T16:12:11.942-07:00" expNo="10" name="2025_04_14_Saturated_Proline_DMSO_TMS_DSC_Std_Bruker500" owner="" procNo="1" source="D:/AutomationData/data/nmr/nmr">
      <PeakPickDetails>F1=16.895531ppm, F2=-6.906852ppm, MI=0.10cm, MAXI=10000.00cm, PC=1.000
      </PeakPickDetails>
    </PeakList1DHeader>
    <Peak1D F1="3.817617" intensity="1.882266e-01" type="0"/>
    <Peak1D F1="3.810234" intensity="2.098628e-01" type="0"/>
    <Peak1D F1="3.799989" intensity="2.233994e-01" type="0"/>
    <Peak1D F1="3.792149" intensity="2.374788e-01" type="0"/>
    <Peak1D F1="3.663286" intensity="4.282681e+00" type="0"/>
    <Peak1D F1="3.651943" intensity="4.860960e+00" type="0"/>
    <Peak1D F1="3.645940" intensity="4.948545e+00" type="0"/>
    <Peak1D F1="3.634568" intensity="4.675852e+00" type="0"/>
    <Peak1D F1="3.371264" intensity="1.500000e+01" type="0"/>
    <Peak1D F1="3.233048" intensity="4.137937e+00" type="0"/>
    <Peak1D F1="3.221387" intensity="4.381988e+00" type="0"/>
    <Peak1D F1="3.218509" intensity="4.472225e+00" type="0"/>
    <Peak1D F1="3.210459" intensity="4.642417e+00" type="0"/>
    <Peak1D F1="3.207243" intensity="4.372938e+00" type="0"/>
    <Peak1D F1="3.199000" intensity="4.656135e+00" type="0"/>
    <Peak1D F1="3.196141" intensity="4.639347e+00" type="0"/>
    <Peak1D F1="3.184488" intensity="3.826750e+00" type="0"/>
    <Peak1D F1="3.168797" intensity="1.490062e+00" type="0"/>
    <Peak1D F1="3.035980" intensity="2.692644e+00" type="0"/>
    <Peak1D F1="3.020894" intensity="4.929707e+00" type="0"/>
    <Peak1D F1="3.013638" intensity="2.649090e+00" type="0"/>
    <Peak1D F1="3.005865" intensity="3.096699e+00" type="0"/>
    <Peak1D F1="2.998505" intensity="4.135715e+00" type="0"/>
    <Peak1D F1="2.983463" intensity="2.348962e+00" type="0"/>
    <Peak1D F1="2.958048" intensity="4.539830e-01" type="0"/>
    <Peak1D F1="2.873931" intensity="2.824164e-01" type="0"/>
    <Peak1D F1="2.836833" intensity="2.342570e-01" type="0"/>
    <Peak1D F1="2.638132" intensity="2.530552e-01" type="0"/>
    <Peak1D F1="2.634540" intensity="2.223402e-01" type="0"/>
    <Peak1D F1="2.531723" intensity="1.833685e-01" type="0"/>
    <Peak1D F1="2.527657" intensity="2.601005e-01" type="0"/>
    <Peak1D F1="2.523690" intensity="4.034617e-01" type="0"/>
    <Peak1D F1="2.506549" intensity="2.239445e+01" type="0"/>
    <Peak1D F1="2.503087" intensity="2.996044e+01" type="0"/>
    <Peak1D F1="2.499636" intensity="2.307189e+01" type="0"/>
    <Peak1D F1="2.472634" intensity="4.646759e-01" type="0"/>
    <Peak1D F1="2.466375" intensity="3.780731e-01" type="0"/>
    <Peak1D F1="2.456431" intensity="3.173915e-01" type="0"/>
    <Peak1D F1="2.430384" intensity="2.234213e-01" type="0"/>
    <Peak1D F1="2.367805" intensity="2.490649e-01" type="0"/>
    <Peak1D F1="2.364036" intensity="2.878534e-01" type="0"/>
    <Peak1D F1="2.310944" intensity="1.074179e-01" type="0"/>
    <Peak1D F1="2.058387" intensity="7.987731e-01" type="0"/>
    <Peak1D F1="2.043048" intensity="1.927741e+00" type="0"/>
    <Peak1D F1="2.032860" intensity="1.598399e+00" type="0"/>
    <Peak1D F1="2.026104" intensity="2.214887e+00" type="0"/>
    <Peak1D F1="2.017580" intensity="3.366280e+00" type="0"/>
    <Peak1D F1="2.010871" intensity="1.501130e+00" type="0"/>
    <Peak1D F1="2.000682" intensity="3.365432e+00" type="0"/>
    <Peak1D F1="1.985246" intensity="1.685559e+00" type="0"/>
    <Peak1D F1="1.956865" intensity="1.317807e+00" type="0"/>
    <Peak1D F1="1.945401" intensity="2.942079e+00" type="0"/>
    <Peak1D F1="1.931040" intensity="4.033586e+00" type="0"/>
    <Peak1D F1="1.919713" intensity="3.369234e+00" type="0"/>
    <Peak1D F1="1.908355" intensity="1.602571e+00" type="0"/>
    <Peak1D F1="1.905506" intensity="2.099064e+00" type="0"/>
    <Peak1D F1="1.894113" intensity="1.130865e+00" type="0"/>
    <Peak1D F1="1.820785" intensity="6.024863e-01" type="0"/>
    <Peak1D F1="1.809326" intensity="1.208798e+00" type="0"/>
    <Peak1D F1="1.806305" intensity="1.282288e+00" type="0"/>
    <Peak1D F1="1.795055" intensity="2.760579e+00" type="0"/>
    <Peak1D F1="1.783821" intensity="2.931216e+00" type="0"/>
    <Peak1D F1="1.780860" intensity="3.010296e+00" type="0"/>
    <Peak1D F1="1.769505" intensity="3.677941e+00" type="0"/>
    <Peak1D F1="1.758084" intensity="1.881005e+00" type="0"/>
    <Peak1D F1="1.755127" intensity="1.827630e+00" type="0"/>
    <Peak1D F1="1.743545" intensity="8.103580e-01" type="0"/>
    <Peak1D F1="1.730176" intensity="9.173759e-01" type="0"/>
    <Peak1D F1="1.715037" intensity="2.880042e+00" type="0"/>
    <Peak1D F1="1.699920" intensity="4.080877e+00" type="0"/>
    <Peak1D F1="1.689641" intensity="2.177745e+00" type="0"/>
    <Peak1D F1="1.684842" intensity="2.870202e+00" type="0"/>
    <Peak1D F1="1.674603" intensity="2.563075e+00" type="0"/>
    <Peak1D F1="1.670185" intensity="1.126145e+00" type="0"/>
    <Peak1D F1="1.659492" intensity="1.610340e+00" type="0"/>
    <Peak1D F1="1.644428" intensity="4.922055e-01" type="0"/>
    <Peak1D F1="1.588144" intensity="1.227641e-01" type="0"/>
    <Peak1D F1="1.581632" intensity="1.123175e-01" type="0"/>
    <Peak1D F1="1.565199" intensity="1.119239e-01" type="0"/>
    <Peak1D F1="1.055688" intensity="1.147147e-01" type="0"/>
    <Peak1D F1="-0.000185" intensity="5.964454e-01" type="0"/>
  </PeakList1D>
</PeakList>
