<?xml version="1.0" encoding="UTF-8"?>
<PeakList>
  <PeakList1D>
    <PeakList1DHeader creator="nmr" date="2025-04-14T16:34:24.029-07:00" expNo="10" name="2025_04_14_Proline_DMSO_TMS_25D_Bruker500" owner="" procNo="1" source="D:/AutomationData/data/nmr/nmr">
      <PeakPickDetails>F1=16.894859ppm, F2=-6.907524ppm, MI=0.10cm, MAXI=10000.00cm, PC=1.000
      </PeakPickDetails>
    </PeakList1DHeader>
    <Peak1D F1="3.344954" intensity="1.500000e+01" type="0"/>
    <Peak1D F1="2.509209" intensity="1.464400e+00" type="0"/>
    <Peak1D F1="2.505963" intensity="2.862213e+00" type="0"/>
    <Peak1D F1="2.502432" intensity="3.820950e+00" type="0"/>
    <Peak1D F1="2.498898" intensity="2.845847e+00" type="0"/>
    <Peak1D F1="2.495644" intensity="1.447306e+00" type="0"/>
  </PeakList1D>
</PeakList>
