<?xml version="1.0" encoding="UTF-8"?>
<PeakList>
  <PeakList1D>
    <PeakList1DHeader creator="nmr" date="2024-11-13T16:55:07.511-07:00" expNo="10" name="2024_11_13_DSC13_THCa_DMSO_Bruker500" owner="" procNo="1" source="D:/AutomationData/data/nmr/nmr">
      <PeakPickDetails>F1=16.895800ppm, F2=-6.906583ppm, MI=0.10cm, MAXI=10000.00cm, PC=1.000
      </PeakPickDetails>
    </PeakList1DHeader>
    <Peak1D F1="9.216014" intensity="6.218433e-01" type="0"/>
    <Peak1D F1="6.363802" intensity="2.320751e-01" type="0"/>
    <Peak1D F1="6.151419" intensity="3.204663e-01" type="0"/>
    <Peak1D F1="6.148782" intensity="3.408689e-01" type="0"/>
    <Peak1D F1="6.009174" intensity="3.361783e-01" type="0"/>
    <Peak1D F1="6.006731" intensity="3.360878e-01" type="0"/>
    <Peak1D F1="3.350198" intensity="1.039877e-01" type="0"/>
    <Peak1D F1="3.348148" intensity="1.228099e-01" type="0"/>
    <Peak1D F1="3.325605" intensity="1.500000e+01" type="0"/>
    <Peak1D F1="3.303391" intensity="1.249791e-01" type="0"/>
    <Peak1D F1="3.301296" intensity="1.051884e-01" type="0"/>
    <Peak1D F1="2.504850" intensity="1.698599e+00" type="0"/>
    <Peak1D F1="2.501423" intensity="2.244721e+00" type="0"/>
    <Peak1D F1="2.498005" intensity="1.715183e+00" type="0"/>
    <Peak1D F1="2.353535" intensity="1.389162e-01" type="0"/>
    <Peak1D F1="2.341348" intensity="2.297107e-01" type="0"/>
    <Peak1D F1="2.337897" intensity="2.283817e-01" type="0"/>
    <Peak1D F1="2.324891" intensity="1.516699e-01" type="0"/>
    <Peak1D F1="2.087224" intensity="1.659263e-01" type="0"/>
    <Peak1D F1="2.074886" intensity="1.654213e-01" type="0"/>
    <Peak1D F1="1.611720" intensity="7.692388e-01" type="0"/>
    <Peak1D F1="1.491997" intensity="2.094421e-01" type="0"/>
    <Peak1D F1="1.476676" intensity="3.502036e-01" type="0"/>
    <Peak1D F1="1.462801" intensity="1.866375e-01" type="0"/>
    <Peak1D F1="1.453576" intensity="1.230547e-01" type="0"/>
    <Peak1D F1="1.449783" intensity="1.276774e-01" type="0"/>
    <Peak1D F1="1.322510" intensity="1.233192e+00" type="0"/>
    <Peak1D F1="1.294477" intensity="2.253258e-01" type="0"/>
    <Peak1D F1="1.280329" intensity="2.524562e-01" type="0"/>
    <Peak1D F1="1.266484" intensity="2.111862e-01" type="0"/>
    <Peak1D F1="1.256913" intensity="1.738921e-01" type="0"/>
    <Peak1D F1="1.249898" intensity="1.718600e-01" type="0"/>
    <Peak1D F1="1.243865" intensity="1.855682e-01" type="0"/>
    <Peak1D F1="1.229647" intensity="1.809528e-01" type="0"/>
    <Peak1D F1="0.982604" intensity="1.248681e+00" type="0"/>
    <Peak1D F1="0.868075" intensity="4.165148e-01" type="0"/>
    <Peak1D F1="0.854183" intensity="8.645174e-01" type="0"/>
    <Peak1D F1="0.839692" intensity="4.171935e-01" type="0"/>
  </PeakList1D>
</PeakList>
