<?xml version="1.0" encoding="UTF-8"?>
<PeakList>
  <PeakList1D>
    <PeakList1DHeader creator="nmr" date="2025-04-14T16:24:55.443-07:00" expNo="10" name="2025_04_14_Proline_DMSO_TMS_25C_Bruker500" owner="" procNo="1" source="D:/AutomationData/data/nmr/nmr">
      <PeakPickDetails>F1=16.894779ppm, F2=-6.907604ppm, MI=0.10cm, MAXI=10000.00cm, PC=1.000
      </PeakPickDetails>
    </PeakList1DHeader>
    <Peak1D F1="3.624786" intensity="2.576834e-01" type="0"/>
    <Peak1D F1="3.613623" intensity="2.897842e-01" type="0"/>
    <Peak1D F1="3.607431" intensity="2.895155e-01" type="0"/>
    <Peak1D F1="3.596262" intensity="2.771153e-01" type="0"/>
    <Peak1D F1="3.346842" intensity="1.500000e+01" type="0"/>
    <Peak1D F1="3.233846" intensity="3.564372e-01" type="0"/>
    <Peak1D F1="3.222327" intensity="3.420154e-01" type="0"/>
    <Peak1D F1="3.219281" intensity="3.397929e-01" type="0"/>
    <Peak1D F1="3.211082" intensity="3.382254e-01" type="0"/>
    <Peak1D F1="3.199837" intensity="3.202097e-01" type="0"/>
    <Peak1D F1="3.196877" intensity="3.127051e-01" type="0"/>
    <Peak1D F1="3.185332" intensity="2.633333e-01" type="0"/>
    <Peak1D F1="3.169861" intensity="1.269963e-01" type="0"/>
    <Peak1D F1="3.018295" intensity="1.619995e-01" type="0"/>
    <Peak1D F1="3.003197" intensity="2.823951e-01" type="0"/>
    <Peak1D F1="2.995897" intensity="1.576677e-01" type="0"/>
    <Peak1D F1="2.988040" intensity="1.829075e-01" type="0"/>
    <Peak1D F1="2.980761" intensity="2.381699e-01" type="0"/>
    <Peak1D F1="2.965649" intensity="1.384963e-01" type="0"/>
    <Peak1D F1="2.522900" intensity="1.293800e-01" type="0"/>
    <Peak1D F1="2.505887" intensity="5.944640e+00" type="0"/>
    <Peak1D F1="2.502405" intensity="7.956571e+00" type="0"/>
    <Peak1D F1="2.498921" intensity="6.003813e+00" type="0"/>
    <Peak1D F1="2.480100" intensity="1.148868e-01" type="0"/>
    <Peak1D F1="2.032059" intensity="1.082431e-01" type="0"/>
    <Peak1D F1="2.015284" intensity="1.240621e-01" type="0"/>
    <Peak1D F1="2.006607" intensity="2.018014e-01" type="0"/>
    <Peak1D F1="1.989830" intensity="2.027671e-01" type="0"/>
    <Peak1D F1="1.974207" intensity="1.034175e-01" type="0"/>
    <Peak1D F1="1.946428" intensity="1.769755e-01" type="0"/>
    <Peak1D F1="1.932055" intensity="2.409585e-01" type="0"/>
    <Peak1D F1="1.920853" intensity="1.964245e-01" type="0"/>
    <Peak1D F1="1.906670" intensity="1.252581e-01" type="0"/>
    <Peak1D F1="1.788065" intensity="1.683320e-01" type="0"/>
    <Peak1D F1="1.776942" intensity="1.743631e-01" type="0"/>
    <Peak1D F1="1.773773" intensity="1.778489e-01" type="0"/>
    <Peak1D F1="1.762609" intensity="2.167605e-01" type="0"/>
    <Peak1D F1="1.751369" intensity="1.065995e-01" type="0"/>
    <Peak1D F1="1.748196" intensity="1.057749e-01" type="0"/>
    <Peak1D F1="1.705007" intensity="1.671149e-01" type="0"/>
    <Peak1D F1="1.689777" intensity="2.350214e-01" type="0"/>
    <Peak1D F1="1.679548" intensity="1.234048e-01" type="0"/>
    <Peak1D F1="1.674599" intensity="1.614698e-01" type="0"/>
    <Peak1D F1="1.664462" intensity="1.453973e-01" type="0"/>
    <Peak1D F1="-0.000188" intensity="1.911985e-01" type="0"/>
  </PeakList1D>
</PeakList>
