<?xml version="1.0" encoding="UTF-8"?>
<PeakList>
  <PeakList1D>
    <PeakList1DHeader creator="nmr" date="2024-11-13T16:17:31.661-07:00" expNo="10" name="2024_11_13_Proline_DMSO_Bruker500" owner="" procNo="1" source="D:/AutomationData/data/nmr/nmr">
      <PeakPickDetails>F1=16.895651ppm, F2=-6.906732ppm, MI=0.10cm, MAXI=10000.00cm, PC=1.000
      </PeakPickDetails>
    </PeakList1DHeader>
    <Peak1D F1="8.904449" intensity="1.044800e-01" type="0"/>
    <Peak1D F1="8.831373" intensity="1.273203e-01" type="0"/>
    <Peak1D F1="8.820179" intensity="1.298617e-01" type="0"/>
    <Peak1D F1="8.698284" intensity="1.788558e-01" type="0"/>
    <Peak1D F1="8.660785" intensity="1.795062e-01" type="0"/>
    <Peak1D F1="8.643597" intensity="1.846322e-01" type="0"/>
    <Peak1D F1="8.596785" intensity="1.817605e-01" type="0"/>
    <Peak1D F1="8.538483" intensity="1.716519e-01" type="0"/>
    <Peak1D F1="8.509972" intensity="1.733387e-01" type="0"/>
    <Peak1D F1="8.468630" intensity="1.524757e-01" type="0"/>
    <Peak1D F1="8.424511" intensity="1.423506e-01" type="0"/>
    <Peak1D F1="8.383010" intensity="1.354398e-01" type="0"/>
    <Peak1D F1="8.274624" intensity="1.097386e-01" type="0"/>
    <Peak1D F1="3.628224" intensity="3.801950e+00" type="0"/>
    <Peak1D F1="3.617043" intensity="4.360647e+00" type="0"/>
    <Peak1D F1="3.610884" intensity="4.256413e+00" type="0"/>
    <Peak1D F1="3.599756" intensity="4.006766e+00" type="0"/>
    <Peak1D F1="3.328589" intensity="1.500000e+01" type="0"/>
    <Peak1D F1="3.231542" intensity="3.701085e+00" type="0"/>
    <Peak1D F1="3.220002" intensity="3.829232e+00" type="0"/>
    <Peak1D F1="3.217051" intensity="3.973192e+00" type="0"/>
    <Peak1D F1="3.208800" intensity="4.079193e+00" type="0"/>
    <Peak1D F1="3.206137" intensity="3.945551e+00" type="0"/>
    <Peak1D F1="3.197634" intensity="3.972488e+00" type="0"/>
    <Peak1D F1="3.194722" intensity="4.060152e+00" type="0"/>
    <Peak1D F1="3.183115" intensity="3.247117e+00" type="0"/>
    <Peak1D F1="3.020124" intensity="2.383956e+00" type="0"/>
    <Peak1D F1="3.004992" intensity="4.492795e+00" type="0"/>
    <Peak1D F1="2.997736" intensity="2.368337e+00" type="0"/>
    <Peak1D F1="2.989856" intensity="2.822255e+00" type="0"/>
    <Peak1D F1="2.982610" intensity="3.743306e+00" type="0"/>
    <Peak1D F1="2.967503" intensity="2.088299e+00" type="0"/>
    <Peak1D F1="2.890201" intensity="1.461332e-01" type="0"/>
    <Peak1D F1="2.883886" intensity="1.431152e-01" type="0"/>
    <Peak1D F1="2.858505" intensity="1.390718e-01" type="0"/>
    <Peak1D F1="2.837946" intensity="1.179871e-01" type="0"/>
    <Peak1D F1="2.821750" intensity="1.073322e-01" type="0"/>
    <Peak1D F1="2.636271" intensity="3.100325e-01" type="0"/>
    <Peak1D F1="2.632772" intensity="2.436637e-01" type="0"/>
    <Peak1D F1="2.531979" intensity="1.013587e-01" type="0"/>
    <Peak1D F1="2.529911" intensity="1.448075e-01" type="0"/>
    <Peak1D F1="2.527942" intensity="1.865667e-01" type="0"/>
    <Peak1D F1="2.504696" intensity="4.219838e+01" type="0"/>
    <Peak1D F1="2.501271" intensity="5.727918e+01" type="0"/>
    <Peak1D F1="2.497853" intensity="4.463164e+01" type="0"/>
    <Peak1D F1="2.464766" intensity="4.767139e-01" type="0"/>
    <Peak1D F1="2.450626" intensity="3.330406e-01" type="0"/>
    <Peak1D F1="2.442569" intensity="2.906439e-01" type="0"/>
    <Peak1D F1="2.422232" intensity="2.013699e-01" type="0"/>
    <Peak1D F1="2.362236" intensity="4.225766e-01" type="0"/>
    <Peak1D F1="2.043592" intensity="7.347451e-01" type="0"/>
    <Peak1D F1="2.027938" intensity="1.752192e+00" type="0"/>
    <Peak1D F1="2.018048" intensity="1.578409e+00" type="0"/>
    <Peak1D F1="2.011439" intensity="1.996285e+00" type="0"/>
    <Peak1D F1="2.002467" intensity="3.371878e+00" type="0"/>
    <Peak1D F1="1.995845" intensity="1.367682e+00" type="0"/>
    <Peak1D F1="1.985992" intensity="3.424356e+00" type="0"/>
    <Peak1D F1="1.970255" intensity="1.714234e+00" type="0"/>
    <Peak1D F1="1.957745" intensity="1.310494e+00" type="0"/>
    <Peak1D F1="1.946440" intensity="2.851076e+00" type="0"/>
    <Peak1D F1="1.932175" intensity="3.929626e+00" type="0"/>
    <Peak1D F1="1.920967" intensity="3.109518e+00" type="0"/>
    <Peak1D F1="1.906774" intensity="2.142365e+00" type="0"/>
    <Peak1D F1="1.895452" intensity="9.295542e-01" type="0"/>
    <Peak1D F1="1.812183" intensity="5.669811e-01" type="0"/>
    <Peak1D F1="1.800936" intensity="1.185337e+00" type="0"/>
    <Peak1D F1="1.797835" intensity="1.242602e+00" type="0"/>
    <Peak1D F1="1.786640" intensity="2.720889e+00" type="0"/>
    <Peak1D F1="1.775504" intensity="2.852321e+00" type="0"/>
    <Peak1D F1="1.772411" intensity="2.920349e+00" type="0"/>
    <Peak1D F1="1.761195" intensity="3.523467e+00" type="0"/>
    <Peak1D F1="1.749920" intensity="1.753373e+00" type="0"/>
    <Peak1D F1="1.746884" intensity="1.705773e+00" type="0"/>
    <Peak1D F1="1.735506" intensity="7.262533e-01" type="0"/>
    <Peak1D F1="1.717647" intensity="8.413489e-01" type="0"/>
    <Peak1D F1="1.702420" intensity="2.733559e+00" type="0"/>
    <Peak1D F1="1.687216" intensity="3.861690e+00" type="0"/>
    <Peak1D F1="1.677031" intensity="2.070802e+00" type="0"/>
    <Peak1D F1="1.672077" intensity="2.714186e+00" type="0"/>
    <Peak1D F1="1.661937" intensity="2.465431e+00" type="0"/>
    <Peak1D F1="1.646709" intensity="1.542066e+00" type="0"/>
    <Peak1D F1="1.631547" intensity="4.709104e-01" type="0"/>
    <Peak1D F1="0.116752" intensity="1.071592e-01" type="0"/>
    <Peak1D F1="0.020583" intensity="1.003294e-01" type="0"/>
    <Peak1D F1="0.018543" intensity="1.217543e-01" type="0"/>
    <Peak1D F1="0.016511" intensity="1.482215e-01" type="0"/>
    <Peak1D F1="0.014495" intensity="1.948331e-01" type="0"/>
    <Peak1D F1="0.012468" intensity="2.557443e-01" type="0"/>
    <Peak1D F1="0.010460" intensity="3.679885e-01" type="0"/>
    <Peak1D F1="0.006330" intensity="1.402950e+00" type="0"/>
    <Peak1D F1="-0.000179" intensity="2.368681e+01" type="0"/>
    <Peak1D F1="-0.006496" intensity="1.750914e+00" type="0"/>
    <Peak1D F1="-0.010540" intensity="5.994259e-01" type="0"/>
    <Peak1D F1="-0.012610" intensity="4.322763e-01" type="0"/>
    <Peak1D F1="-0.014602" intensity="3.562291e-01" type="0"/>
    <Peak1D F1="-0.016649" intensity="2.795476e-01" type="0"/>
    <Peak1D F1="-0.018676" intensity="2.220685e-01" type="0"/>
    <Peak1D F1="-0.020669" intensity="1.965088e-01" type="0"/>
    <Peak1D F1="-0.022690" intensity="1.750007e-01" type="0"/>
    <Peak1D F1="-0.024738" intensity="1.442899e-01" type="0"/>
    <Peak1D F1="-0.026671" intensity="1.389167e-01" type="0"/>
    <Peak1D F1="-0.028742" intensity="1.112578e-01" type="0"/>
    <Peak1D F1="-0.030777" intensity="1.110206e-01" type="0"/>
    <Peak1D F1="-0.119951" intensity="1.281181e-01" type="0"/>
  </PeakList1D>
</PeakList>
