<?xml version="1.0" encoding="UTF-8"?>
<PeakList>
  <PeakList1D>
    <PeakList1DHeader creator="nmr" date="2024-11-13T16:36:14.039-07:00" expNo="10" name="2024_11_13_CBD_Proline_Mechanochem_DMSO_Bruker500" owner="" procNo="1" source="D:/AutomationData/data/nmr/nmr">
      <PeakPickDetails>F1=16.895960ppm, F2=-6.906423ppm, MI=0.10cm, MAXI=10000.00cm, PC=1.000
      </PeakPickDetails>
    </PeakList1DHeader>
    <Peak1D F1="8.690058" intensity="7.113623e-01" type="0"/>
    <Peak1D F1="6.017028" intensity="9.527205e+00" type="0"/>
    <Peak1D F1="5.080981" intensity="2.975029e+00" type="0"/>
    <Peak1D F1="4.490912" intensity="2.844272e+00" type="0"/>
    <Peak1D F1="4.486465" intensity="2.992347e+00" type="0"/>
    <Peak1D F1="4.404686" intensity="2.958591e+00" type="0"/>
    <Peak1D F1="4.402646" intensity="2.883605e+00" type="0"/>
    <Peak1D F1="3.831528" intensity="1.043306e+00" type="0"/>
    <Peak1D F1="3.813991" intensity="1.100304e+00" type="0"/>
    <Peak1D F1="3.656684" intensity="8.704393e-01" type="0"/>
    <Peak1D F1="3.645378" intensity="9.976208e-01" type="0"/>
    <Peak1D F1="3.639372" intensity="9.909517e-01" type="0"/>
    <Peak1D F1="3.628042" intensity="9.147401e-01" type="0"/>
    <Peak1D F1="3.343433" intensity="1.493007e+00" type="0"/>
    <Peak1D F1="3.234670" intensity="6.557202e-01" type="0"/>
    <Peak1D F1="3.222899" intensity="7.417865e-01" type="0"/>
    <Peak1D F1="3.220263" intensity="7.634806e-01" type="0"/>
    <Peak1D F1="3.212005" intensity="8.039281e-01" type="0"/>
    <Peak1D F1="3.209076" intensity="7.570162e-01" type="0"/>
    <Peak1D F1="3.200613" intensity="8.092801e-01" type="0"/>
    <Peak1D F1="3.197958" intensity="8.028815e-01" type="0"/>
    <Peak1D F1="3.186195" intensity="6.303657e-01" type="0"/>
    <Peak1D F1="3.051600" intensity="8.262994e-01" type="0"/>
    <Peak1D F1="3.046918" intensity="8.472844e-01" type="0"/>
    <Peak1D F1="3.026911" intensity="1.675101e+00" type="0"/>
    <Peak1D F1="3.018576" intensity="1.453808e+00" type="0"/>
    <Peak1D F1="3.010315" intensity="8.536915e-01" type="0"/>
    <Peak1D F1="3.002939" intensity="1.270852e+00" type="0"/>
    <Peak1D F1="2.996010" intensity="1.016876e+00" type="0"/>
    <Peak1D F1="2.980738" intensity="4.593660e-01" type="0"/>
    <Peak1D F1="2.504833" intensity="5.789875e+00" type="0"/>
    <Peak1D F1="2.501469" intensity="7.509450e+00" type="0"/>
    <Peak1D F1="2.498113" intensity="5.767022e+00" type="0"/>
    <Peak1D F1="2.310295" intensity="2.442526e+00" type="0"/>
    <Peak1D F1="2.295234" intensity="3.843839e+00" type="0"/>
    <Peak1D F1="2.279730" intensity="2.614670e+00" type="0"/>
    <Peak1D F1="2.126440" intensity="3.594427e-01" type="0"/>
    <Peak1D F1="2.095109" intensity="7.110664e-01" type="0"/>
    <Peak1D F1="2.081190" intensity="5.733571e-01" type="0"/>
    <Peak1D F1="2.070377" intensity="5.638984e-01" type="0"/>
    <Peak1D F1="2.057332" intensity="4.210359e-01" type="0"/>
    <Peak1D F1="2.041417" intensity="4.270097e-01" type="0"/>
    <Peak1D F1="2.031294" intensity="3.638544e-01" type="0"/>
    <Peak1D F1="2.024622" intensity="4.748955e-01" type="0"/>
    <Peak1D F1="2.015922" intensity="7.302623e-01" type="0"/>
    <Peak1D F1="2.009341" intensity="3.204770e-01" type="0"/>
    <Peak1D F1="1.999249" intensity="7.237119e-01" type="0"/>
    <Peak1D F1="1.983672" intensity="3.516341e-01" type="0"/>
    <Peak1D F1="1.963347" intensity="3.032375e-01" type="0"/>
    <Peak1D F1="1.951835" intensity="7.072352e-01" type="0"/>
    <Peak1D F1="1.949228" intensity="6.289996e-01" type="0"/>
    <Peak1D F1="1.937543" intensity="1.778412e+00" type="0"/>
    <Peak1D F1="1.926542" intensity="1.694214e+00" type="0"/>
    <Peak1D F1="1.911848" intensity="6.416813e-01" type="0"/>
    <Peak1D F1="1.900803" intensity="9.279397e-01" type="0"/>
    <Peak1D F1="1.818230" intensity="1.256814e-01" type="0"/>
    <Peak1D F1="1.806788" intensity="2.619865e-01" type="0"/>
    <Peak1D F1="1.803859" intensity="2.788494e-01" type="0"/>
    <Peak1D F1="1.792591" intensity="5.762057e-01" type="0"/>
    <Peak1D F1="1.781312" intensity="6.208605e-01" type="0"/>
    <Peak1D F1="1.778482" intensity="6.306850e-01" type="0"/>
    <Peak1D F1="1.767067" intensity="7.538844e-01" type="0"/>
    <Peak1D F1="1.755642" intensity="3.890121e-01" type="0"/>
    <Peak1D F1="1.752794" intensity="3.733599e-01" type="0"/>
    <Peak1D F1="1.741189" intensity="1.649382e-01" type="0"/>
    <Peak1D F1="1.729090" intensity="2.065127e-01" type="0"/>
    <Peak1D F1="1.713958" intensity="6.925176e-01" type="0"/>
    <Peak1D F1="1.698817" intensity="1.414266e+00" type="0"/>
    <Peak1D F1="1.688334" intensity="1.098699e+00" type="0"/>
    <Peak1D F1="1.683665" intensity="1.250029e+00" type="0"/>
    <Peak1D F1="1.673645" intensity="1.619848e+00" type="0"/>
    <Peak1D F1="1.669019" intensity="1.365660e+00" type="0"/>
    <Peak1D F1="1.659172" intensity="1.047529e+00" type="0"/>
    <Peak1D F1="1.642315" intensity="5.990419e-01" type="0"/>
    <Peak1D F1="1.631254" intensity="6.201261e-01" type="0"/>
    <Peak1D F1="1.617319" intensity="1.244757e+00" type="0"/>
    <Peak1D F1="1.594557" intensity="1.066367e+01" type="0"/>
    <Peak1D F1="1.581116" intensity="1.500000e+01" type="0"/>
    <Peak1D F1="1.558205" intensity="5.117664e-01" type="0"/>
    <Peak1D F1="1.496995" intensity="7.380319e-01" type="0"/>
    <Peak1D F1="1.481752" intensity="1.866755e+00" type="0"/>
    <Peak1D F1="1.467124" intensity="2.739241e+00" type="0"/>
    <Peak1D F1="1.452309" intensity="2.034519e+00" type="0"/>
    <Peak1D F1="1.437400" intensity="7.815263e-01" type="0"/>
    <Peak1D F1="1.329636" intensity="2.110435e-01" type="0"/>
    <Peak1D F1="1.325815" intensity="2.405564e-01" type="0"/>
    <Peak1D F1="1.315080" intensity="8.029694e-01" type="0"/>
    <Peak1D F1="1.311375" intensity="8.663219e-01" type="0"/>
    <Peak1D F1="1.298519" intensity="1.989619e+00" type="0"/>
    <Peak1D F1="1.284283" intensity="2.748401e+00" type="0"/>
    <Peak1D F1="1.269899" intensity="2.843987e+00" type="0"/>
    <Peak1D F1="1.254992" intensity="2.583608e+00" type="0"/>
    <Peak1D F1="1.240091" intensity="2.347667e+00" type="0"/>
    <Peak1D F1="1.230536" intensity="1.236592e+00" type="0"/>
    <Peak1D F1="1.224750" intensity="1.067342e+00" type="0"/>
    <Peak1D F1="1.213601" intensity="3.794303e-01" type="0"/>
    <Peak1D F1="1.209045" intensity="3.176117e-01" type="0"/>
    <Peak1D F1="0.891930" intensity="1.195694e-01" type="0"/>
    <Peak1D F1="0.871107" intensity="4.966413e+00" type="0"/>
    <Peak1D F1="0.857277" intensity="1.037904e+01" type="0"/>
    <Peak1D F1="0.842877" intensity="5.040811e+00" type="0"/>
    <Peak1D F1="0.006251" intensity="2.061400e-01" type="0"/>
    <Peak1D F1="-0.000180" intensity="2.463624e+00" type="0"/>
    <Peak1D F1="-0.006508" intensity="1.788293e-01" type="0"/>
  </PeakList1D>
</PeakList>
