<?xml version="1.0" encoding="UTF-8"?>
<PeakList>
  <PeakList1D>
    <PeakList1DHeader creator="nmr" date="2025-04-14T16:02:21.749-07:00" expNo="10" name="2025_04_14_CBN_Floroworks_DMSO_TMS_DSC_Std_Bruker500" owner="" procNo="1" source="D:/AutomationData/data/nmr/nmr">
      <PeakPickDetails>F1=16.895180ppm, F2=-6.907203ppm, MI=0.10cm, MAXI=10000.00cm, PC=1.000
      </PeakPickDetails>
    </PeakList1DHeader>
    <Peak1D F1="9.884025" intensity="5.168201e-01" type="0"/>
    <Peak1D F1="8.269546" intensity="2.359334e-01" type="0"/>
    <Peak1D F1="7.177584" intensity="1.862258e-01" type="0"/>
    <Peak1D F1="7.161916" intensity="2.360855e-01" type="0"/>
    <Peak1D F1="7.044451" intensity="1.324440e-01" type="0"/>
    <Peak1D F1="7.030721" intensity="1.059025e-01" type="0"/>
    <Peak1D F1="7.028839" intensity="1.062123e-01" type="0"/>
    <Peak1D F1="6.392118" intensity="2.482163e-01" type="0"/>
    <Peak1D F1="6.389356" intensity="2.586452e-01" type="0"/>
    <Peak1D F1="6.237958" intensity="2.672605e-01" type="0"/>
    <Peak1D F1="6.235216" intensity="2.642977e-01" type="0"/>
    <Peak1D F1="3.366315" intensity="1.169763e-01" type="0"/>
    <Peak1D F1="3.364267" intensity="1.419834e-01" type="0"/>
    <Peak1D F1="3.362244" intensity="1.756139e-01" type="0"/>
    <Peak1D F1="3.360119" intensity="2.227568e-01" type="0"/>
    <Peak1D F1="3.357843" intensity="2.979989e-01" type="0"/>
    <Peak1D F1="3.345711" intensity="1.500000e+01" type="0"/>
    <Peak1D F1="3.333441" intensity="3.023129e-01" type="0"/>
    <Peak1D F1="3.331451" intensity="2.377623e-01" type="0"/>
    <Peak1D F1="3.329399" intensity="1.821885e-01" type="0"/>
    <Peak1D F1="3.327305" intensity="1.404498e-01" type="0"/>
    <Peak1D F1="3.325278" intensity="1.150932e-01" type="0"/>
    <Peak1D F1="2.506258" intensity="6.862940e-01" type="0"/>
    <Peak1D F1="2.502761" intensity="9.097850e-01" type="0"/>
    <Peak1D F1="2.499268" intensity="6.791956e-01" type="0"/>
    <Peak1D F1="2.447372" intensity="1.501657e-01" type="0"/>
    <Peak1D F1="2.432223" intensity="2.371593e-01" type="0"/>
    <Peak1D F1="2.416841" intensity="1.582431e-01" type="0"/>
    <Peak1D F1="2.304271" intensity="1.023435e+00" type="0"/>
    <Peak1D F1="1.556037" intensity="1.094965e-01" type="0"/>
    <Peak1D F1="1.541354" intensity="1.592500e-01" type="0"/>
    <Peak1D F1="1.526684" intensity="1.164709e-01" type="0"/>
    <Peak1D F1="1.490298" intensity="2.065660e+00" type="0"/>
    <Peak1D F1="1.317790" intensity="1.040784e-01" type="0"/>
    <Peak1D F1="1.304517" intensity="1.566897e-01" type="0"/>
    <Peak1D F1="1.292546" intensity="1.911258e-01" type="0"/>
    <Peak1D F1="1.290261" intensity="1.883738e-01" type="0"/>
    <Peak1D F1="1.286849" intensity="1.879005e-01" type="0"/>
    <Peak1D F1="1.280829" intensity="1.679469e-01" type="0"/>
    <Peak1D F1="1.268348" intensity="1.269425e-01" type="0"/>
    <Peak1D F1="0.880518" intensity="2.763768e-01" type="0"/>
    <Peak1D F1="0.866823" intensity="6.239341e-01" type="0"/>
    <Peak1D F1="0.852522" intensity="2.939629e-01" type="0"/>
  </PeakList1D>
</PeakList>
