<?xml version="1.0" encoding="UTF-8"?>
<PeakList>
  <PeakList1D>
    <PeakList1DHeader creator="nmr" date="2025-04-15T04:35:01.733-07:00" expNo="10" name="2025_04_14_CBN_DSC53_DMSO_Bruker500" owner="" procNo="1" source="D:/AutomationData/data/nmr/nmr">
      <PeakPickDetails>F1=16.901190ppm, F2=-6.901193ppm, MI=0.10cm, MAXI=10000.00cm, PC=1.000
      </PeakPickDetails>
    </PeakList1DHeader>
    <Peak1D F1="9.874947" intensity="3.664680e+00" type="0"/>
    <Peak1D F1="9.864713" intensity="1.022451e-01" type="0"/>
    <Peak1D F1="8.279935" intensity="1.802637e+00" type="0"/>
    <Peak1D F1="7.183646" intensity="1.356615e+00" type="0"/>
    <Peak1D F1="7.167985" intensity="1.714169e+00" type="0"/>
    <Peak1D F1="7.050152" intensity="1.018859e+00" type="0"/>
    <Peak1D F1="7.034610" intensity="8.190824e-01" type="0"/>
    <Peak1D F1="6.400536" intensity="1.845030e+00" type="0"/>
    <Peak1D F1="6.397981" intensity="1.943327e+00" type="0"/>
    <Peak1D F1="6.245806" intensity="1.981212e+00" type="0"/>
    <Peak1D F1="6.243278" intensity="1.997625e+00" type="0"/>
    <Peak1D F1="3.329747" intensity="3.132203e+00" type="0"/>
    <Peak1D F1="2.512234" intensity="3.253213e+00" type="0"/>
    <Peak1D F1="2.508820" intensity="4.289029e+00" type="0"/>
    <Peak1D F1="2.505431" intensity="3.275409e+00" type="0"/>
    <Peak1D F1="2.455069" intensity="1.120800e+00" type="0"/>
    <Peak1D F1="2.439978" intensity="1.799009e+00" type="0"/>
    <Peak1D F1="2.424569" intensity="1.185184e+00" type="0"/>
    <Peak1D F1="2.312165" intensity="7.557072e+00" type="0"/>
    <Peak1D F1="1.579132" intensity="3.223314e-01" type="0"/>
    <Peak1D F1="1.563754" intensity="8.430453e-01" type="0"/>
    <Peak1D F1="1.549188" intensity="1.206387e+00" type="0"/>
    <Peak1D F1="1.534581" intensity="9.077247e-01" type="0"/>
    <Peak1D F1="1.519477" intensity="5.087534e-01" type="0"/>
    <Peak1D F1="1.498051" intensity="1.500000e+01" type="0"/>
    <Peak1D F1="1.352898" intensity="1.025318e-01" type="0"/>
    <Peak1D F1="1.342798" intensity="3.032941e-01" type="0"/>
    <Peak1D F1="1.338248" intensity="3.604122e-01" type="0"/>
    <Peak1D F1="1.325084" intensity="8.116257e-01" type="0"/>
    <Peak1D F1="1.311782" intensity="1.209323e+00" type="0"/>
    <Peak1D F1="1.300120" intensity="1.484444e+00" type="0"/>
    <Peak1D F1="1.297987" intensity="1.500113e+00" type="0"/>
    <Peak1D F1="1.294796" intensity="1.474052e+00" type="0"/>
    <Peak1D F1="1.288848" intensity="1.311975e+00" type="0"/>
    <Peak1D F1="1.276327" intensity="9.800639e-01" type="0"/>
    <Peak1D F1="1.267150" intensity="5.497913e-01" type="0"/>
    <Peak1D F1="1.261706" intensity="4.266825e-01" type="0"/>
    <Peak1D F1="1.250328" intensity="1.649402e-01" type="0"/>
    <Peak1D F1="1.245219" intensity="1.284827e-01" type="0"/>
    <Peak1D F1="0.904964" intensity="1.095528e-01" type="0"/>
    <Peak1D F1="0.888013" intensity="2.019238e+00" type="0"/>
    <Peak1D F1="0.874368" intensity="4.507199e+00" type="0"/>
    <Peak1D F1="0.860066" intensity="2.145658e+00" type="0"/>
  </PeakList1D>
</PeakList>
